jour,dep,hosp,rea,rad,dc
2020/3/18,01,4,0,2,0
2020/3/18,10,10,0,0,0
2020/3/18,11,16,14,16,6
2020/3/18,12,14,4,2,0
2020/3/18,13,196,22,117,8
2020/3/18,14,8,2,0,0
2020/3/18,15,4,2,0,0
2020/3/18,16,2,0,0,0
2020/3/18,17,10,4,4,0
2020/3/18,18,0,0,0,0
2020/3/18,19,0,0,0,0
2020/3/18,02,82,20,36,22
2020/3/18,21,120,32,8,0
2020/3/18,22,2,2,6,0
2020/3/18,23,0,0,0,0
2020/3/18,24,4,2,2,0
2020/3/18,25,52,6,16,2
2020/3/18,26,34,4,0,0
2020/3/18,27,0,0,0,0
2020/3/18,28,10,6,0,2
2020/3/18,29,26,10,6,0
2020/3/18,03,8,0,2,0
2020/3/18,30,10,6,12,0
2020/3/18,31,46,10,22,0
2020/3/18,32,2,2,0,0
2020/3/18,33,14,8,6,2
2020/3/18,34,73,29,36,4
2020/3/18,35,14,6,0,0
2020/3/18,36,0,0,0,0
2020/3/18,37,8,2,0,0
2020/3/18,38,36,4,0,2
2020/3/18,39,4,2,2,0
2020/3/18,04,6,2,4,0
2020/3/18,40,0,0,0,0
2020/3/18,41,0,0,0,0
2020/3/18,42,62,20,6,2
2020/3/18,43,2,2,10,0
2020/3/18,44,36,6,14,2
2020/3/18,45,10,2,0,0
2020/3/18,46,0,0,2,0
2020/3/18,47,20,8,2,0
2020/3/18,48,2,0,0,0
2020/3/18,49,24,2,52,0
2020/3/18,05,16,2,18,0
2020/3/18,50,14,0,2,0
2020/3/18,51,70,14,12,2
2020/3/18,52,8,0,0,2
2020/3/18,53,8,0,4,0
2020/3/18,54,82,37,2,10
2020/3/18,55,22,6,0,0
2020/3/18,56,78,28,20,14
2020/3/18,57,338,68,22,32
2020/3/18,58,0,0,0,0
2020/3/18,59,211,52,12,6
2020/3/18,06,50,2,94,4
2020/3/18,60,188,44,36,12
2020/3/18,61,8,0,4,0
2020/3/18,62,44,18,32,0
2020/3/18,63,20,4,6,0
2020/3/18,64,10,0,0,0
2020/3/18,65,0,0,0,0
2020/3/18,66,18,10,2,0
2020/3/18,67,417,116,8,30
2020/3/18,68,738,154,230,147
2020/3/18,69,62,14,20,0
2020/3/18,07,22,2,0,0
2020/3/18,70,28,8,4,0
2020/3/18,71,70,0,8,10
2020/3/18,72,18,0,2,0
2020/3/18,73,16,0,6,0
2020/3/18,74,55,13,85,10
2020/3/18,75,715,210,80,28
2020/3/18,76,60,6,6,6
2020/3/18,77,50,26,20,0
2020/3/18,78,138,36,10,10
2020/3/18,79,4,2,4,0
2020/3/18,08,0,0,2,0
2020/3/18,80,99,40,18,2
2020/3/18,81,4,0,4,0
2020/3/18,82,2,0,0,2
2020/3/18,83,46,14,156,0
2020/3/18,84,18,6,14,2
2020/3/18,85,2,0,0,0
2020/3/18,86,14,0,0,2
2020/3/18,87,4,0,4,0
2020/3/18,88,64,12,14,16
2020/3/18,89,12,0,2,0
2020/3/18,09,2,2,4,0
2020/3/18,90,50,18,0,0
2020/3/18,91,102,32,0,2
2020/3/18,92,296,96,44,8
2020/3/18,93,184,66,30,10
2020/3/18,94,242,64,32,10
2020/3/18,95,179,58,41,4
2020/3/19,01,4,0,2,0
2020/3/19,10,12,2,0,0
2020/3/19,11,36,22,16,12
2020/3/19,12,18,4,4,2
2020/3/19,13,256,40,193,8
2020/3/19,14,8,2,2,0
2020/3/19,15,6,2,0,0
2020/3/19,16,0,0,4,0
2020/3/19,17,14,4,4,0
2020/3/19,18,0,0,0,0
2020/3/19,19,2,0,0,0
2020/3/19,02,86,30,66,38
2020/3/19,21,106,38,55,4
2020/3/19,22,4,2,6,0
2020/3/19,23,0,0,0,0
2020/3/19,24,4,2,2,0
2020/3/19,25,66,22,20,4
2020/3/19,26,64,16,4,0
2020/3/19,27,2,2,0,0
2020/3/19,28,22,8,0,2
2020/3/19,29,34,10,12,0
2020/3/19,03,0,0,14,0
2020/3/19,30,8,2,14,2
2020/3/19,31,52,12,26,2
2020/3/19,32,6,6,0,0
2020/3/19,33,14,10,14,4
2020/3/19,34,98,36,42,8
2020/3/19,35,32,16,30,0
2020/3/19,36,6,0,0,0
2020/3/19,37,12,6,0,0
2020/3/19,38,44,4,6,2
2020/3/19,39,4,2,2,0
2020/3/19,04,6,2,6,0
2020/3/19,40,0,0,0,0
2020/3/19,41,4,0,0,0
2020/3/19,42,96,36,16,6
2020/3/19,43,2,2,10,0
2020/3/19,44,48,12,18,2
2020/3/19,45,18,6,0,0
2020/3/19,46,0,0,2,0
2020/3/19,47,20,2,2,0
2020/3/19,48,2,0,0,0
2020/3/19,49,32,6,56,0
2020/3/19,05,20,2,20,0
2020/3/19,50,12,0,4,0
2020/3/19,51,78,14,28,4
2020/3/19,52,8,0,0,2
2020/3/19,53,10,2,6,0
2020/3/19,54,105,45,2,12
2020/3/19,55,70,6,8,0
2020/3/19,56,84,24,41,18
2020/3/19,57,387,92,30,38
2020/3/19,58,0,0,0,0
2020/3/19,59,276,70,24,10
2020/3/19,06,65,9,96,4
2020/3/19,60,218,42,46,28
2020/3/19,61,4,0,6,0
2020/3/19,62,60,22,50,0
2020/3/19,63,18,2,8,0
2020/3/19,64,18,0,2,0
2020/3/19,65,4,2,0,0
2020/3/19,66,38,22,6,6
2020/3/19,67,598,164,26,36
2020/3/19,68,870,146,260,181
2020/3/19,69,269,44,65,13
2020/3/19,07,20,3,0,0
2020/3/19,70,28,6,6,0
2020/3/19,71,96,6,14,10
2020/3/19,72,16,0,10,0
2020/3/19,73,20,4,10,0
2020/3/19,74,68,19,96,12
2020/3/19,75,902,244,123,44
2020/3/19,76,66,8,6,8
2020/3/19,77,96,26,30,0
2020/3/19,78,184,40,14,12
2020/3/19,79,6,2,6,0
2020/3/19,08,0,0,2,0
2020/3/19,80,147,46,24,4
2020/3/19,81,10,2,4,0
2020/3/19,82,2,0,0,2
2020/3/19,83,54,26,172,4
2020/3/19,84,24,8,18,2
2020/3/19,85,10,2,10,0
2020/3/19,86,14,0,0,2
2020/3/19,87,12,2,4,0
2020/3/19,88,76,12,16,22
2020/3/19,89,10,2,2,4
2020/3/19,09,2,2,4,0
2020/3/19,90,78,18,0,6
2020/3/19,91,164,44,8,2
2020/3/19,92,411,108,62,14
2020/3/19,93,284,89,42,10
2020/3/19,94,362,94,82,20
2020/3/19,95,299,74,64,10
2020/3/20,01,4,0,2,0
2020/3/20,10,24,4,0,0
2020/3/20,11,52,22,26,16
2020/3/20,12,24,4,6,2
2020/3/20,13,347,52,215,8
2020/3/20,14,8,2,6,2
2020/3/20,15,8,2,0,0
2020/3/20,16,2,0,4,0
2020/3/20,17,18,6,4,0
2020/3/20,18,0,0,0,0
2020/3/20,19,2,0,0,0
2020/3/20,02,104,38,80,48
2020/3/20,21,164,62,73,6
2020/3/20,22,10,0,6,2
2020/3/20,23,0,0,0,0
2020/3/20,24,6,6,4,0
2020/3/20,25,86,30,26,8
2020/3/20,26,76,18,4,4
2020/3/20,27,8,2,0,0
2020/3/20,28,24,4,0,2
2020/3/20,29,40,8,12,2
2020/3/20,03,2,0,20,0
2020/3/20,30,16,2,14,2
2020/3/20,31,70,20,32,4
2020/3/20,32,6,6,0,0
2020/3/20,33,20,10,24,4
2020/3/20,34,121,42,48,8
2020/3/20,35,40,18,34,2
2020/3/20,36,8,2,0,0
2020/3/20,37,24,10,0,2
2020/3/20,38,54,4,20,2
2020/3/20,39,12,2,4,0
2020/3/20,04,6,2,6,0
2020/3/20,40,0,0,0,0
2020/3/20,41,8,0,0,0
2020/3/20,42,126,34,18,8
2020/3/20,43,4,4,12,0
2020/3/20,44,60,20,22,2
2020/3/20,45,52,10,4,0
2020/3/20,46,0,0,4,0
2020/3/20,47,20,2,2,0
2020/3/20,48,2,0,0,0
2020/3/20,49,44,8,63,0
2020/3/20,05,26,2,20,0
2020/3/20,50,24,8,4,0
2020/3/20,51,108,22,51,4
2020/3/20,52,16,0,10,8
2020/3/20,53,14,4,6,0
2020/3/20,54,128,51,4,14
2020/3/20,55,92,10,12,0
2020/3/20,56,98,24,48,18
2020/3/20,57,512,122,47,46
2020/3/20,58,2,2,0,0
2020/3/20,59,224,78,30,10
2020/3/20,06,84,13,121,8
2020/3/20,60,246,56,60,36
2020/3/20,61,6,2,6,0
2020/3/20,62,100,40,52,2
2020/3/20,63,8,2,18,0
2020/3/20,64,16,0,4,2
2020/3/20,65,4,2,0,0
2020/3/20,66,52,30,6,8
2020/3/20,67,729,184,84,56
2020/3/20,68,1009,182,337,209
2020/3/20,69,351,63,103,31
2020/3/20,07,28,5,6,2
2020/3/20,70,52,12,10,0
2020/3/20,71,106,10,20,16
2020/3/20,72,16,0,10,0
2020/3/20,73,33,4,16,0
2020/3/20,74,94,15,103,12
2020/3/20,75,1142,289,195,60
2020/3/20,76,96,12,10,10
2020/3/20,77,158,62,42,4
2020/3/20,78,272,66,32,23
2020/3/20,79,10,2,16,0
2020/3/20,08,2,2,2,0
2020/3/20,80,185,59,32,6
2020/3/20,81,12,2,6,0
2020/3/20,82,2,0,0,2
2020/3/20,83,70,34,176,4
2020/3/20,84,26,6,20,2
2020/3/20,85,12,2,10,0
2020/3/20,86,22,0,0,2
2020/3/20,87,14,4,4,0
2020/3/20,88,92,10,16,28
2020/3/20,89,20,6,2,4
2020/3/20,09,4,2,4,0
2020/3/20,90,98,18,0,10
2020/3/20,91,243,56,14,6
2020/3/20,92,507,148,99,22
2020/3/20,93,399,122,70,37
2020/3/20,94,449,119,134,24
2020/3/20,95,383,102,112,20
2020/3/21,01,8,0,2,0
2020/3/21,10,24,4,0,0
2020/3/21,11,52,18,26,18
2020/3/21,12,22,4,8,2
2020/3/21,13,398,66,255,8
2020/3/21,14,12,6,6,2
2020/3/21,15,10,2,0,0
2020/3/21,16,6,2,4,0
2020/3/21,17,22,8,4,0
2020/3/21,18,0,0,0,0
2020/3/21,19,2,0,0,0
2020/3/21,02,122,40,98,50
2020/3/21,21,158,60,89,6
2020/3/21,22,13,1,6,2
2020/3/21,23,2,0,0,0
2020/3/21,24,8,6,4,0
2020/3/21,25,96,42,38,12
2020/3/21,26,86,18,4,4
2020/3/21,27,14,6,0,0
2020/3/21,28,26,4,2,2
2020/3/21,29,40,4,12,2
2020/3/21,03,10,0,20,0
2020/3/21,30,14,2,22,2
2020/3/21,31,102,28,34,4
2020/3/21,32,8,6,0,0
2020/3/21,33,78,30,24,4
2020/3/21,34,130,44,66,8
2020/3/21,35,40,20,36,2
2020/3/21,36,10,4,0,0
2020/3/21,37,24,8,2,2
2020/3/21,38,60,4,26,2
2020/3/21,39,14,2,4,0
2020/3/21,04,8,2,6,0
2020/3/21,40,0,0,0,0
2020/3/21,41,8,0,0,0
2020/3/21,42,142,36,24,12
2020/3/21,43,8,4,12,0
2020/3/21,44,76,22,24,2
2020/3/21,45,60,12,6,0
2020/3/21,46,2,0,6,0
2020/3/21,47,26,2,2,0
2020/3/21,48,2,0,0,0
2020/3/21,49,43,11,70,4
2020/3/21,05,26,2,20,0
2020/3/21,50,30,8,4,0
2020/3/21,51,134,32,54,4
2020/3/21,52,18,0,10,8
2020/3/21,53,14,4,6,0
2020/3/21,54,150,69,4,18
2020/3/21,55,120,12,14,2
2020/3/21,56,124,22,56,24
2020/3/21,57,569,128,67,50
2020/3/21,58,2,2,0,0
2020/3/21,59,158,86,34,10
2020/3/21,06,90,13,121,12
2020/3/21,60,276,56,86,36
2020/3/21,61,8,2,6,0
2020/3/21,62,88,36,54,2
2020/3/21,63,8,2,20,0
2020/3/21,64,20,2,4,2
2020/3/21,65,10,2,0,0
2020/3/21,66,50,30,6,10
2020/3/21,67,830,215,102,62
2020/3/21,68,1026,188,391,242
2020/3/21,69,424,62,109,35
2020/3/21,07,27,5,6,2
2020/3/21,70,52,12,10,0
2020/3/21,71,100,12,28,20
2020/3/21,72,18,0,10,0
2020/3/21,73,36,4,16,0
2020/3/21,74,94,15,110,14
2020/3/21,75,1288,330,243,72
2020/3/21,76,120,20,12,10
2020/3/21,77,178,72,42,6
2020/3/21,78,346,78,60,27
2020/3/21,79,10,2,16,0
2020/3/21,08,6,2,2,0
2020/3/21,80,202,70,42,14
2020/3/21,81,16,2,6,2
2020/3/21,82,6,2,0,2
2020/3/21,83,80,38,196,4
2020/3/21,84,40,10,20,2
2020/3/21,85,8,4,14,0
2020/3/21,86,24,0,2,2
2020/3/21,87,16,4,4,2
2020/3/21,88,109,12,16,32
2020/3/21,89,22,6,2,4
2020/3/21,09,4,2,6,0
2020/3/21,90,122,22,4,12
2020/3/21,91,301,70,16,7
2020/3/21,92,592,162,141,34
2020/3/21,93,436,128,74,39
2020/3/21,94,532,133,158,26
2020/3/21,95,475,112,140,28
2020/3/22,01,16,2,4,0
2020/3/22,10,42,8,0,0
2020/3/22,11,54,18,26,18
2020/3/22,12,26,4,8,2
2020/3/22,13,466,82,265,8
2020/3/22,14,22,8,6,2
2020/3/22,15,10,2,0,0
2020/3/22,16,9,5,4,2
2020/3/22,17,24,8,10,0
2020/3/22,18,0,0,0,0
2020/3/22,19,8,0,0,2
2020/3/22,02,138,42,110,56
2020/3/22,21,201,62,144,8
2020/3/22,22,13,1,6,2
2020/3/22,23,2,0,0,0
2020/3/22,24,12,6,4,0
2020/3/22,25,126,42,40,16
2020/3/22,26,92,22,6,8
2020/3/22,27,24,8,0,0
2020/3/22,28,30,4,4,2
2020/3/22,29,36,4,18,4
2020/3/22,03,10,0,20,0
2020/3/22,30,26,2,22,4
2020/3/22,31,110,32,46,4
2020/3/22,32,8,6,0,0
2020/3/22,33,108,46,26,4
2020/3/22,34,132,44,76,8
2020/3/22,35,54,26,36,2
2020/3/22,36,10,4,0,0
2020/3/22,37,26,10,2,2
2020/3/22,38,72,4,28,2
2020/3/22,39,16,2,4,0
2020/3/22,04,8,2,6,0
2020/3/22,40,0,0,0,0
2020/3/22,41,8,0,0,0
2020/3/22,42,196,46,32,16
2020/3/22,43,10,4,14,0
2020/3/22,44,100,24,28,4
2020/3/22,45,74,24,14,2
2020/3/22,46,2,0,8,0
2020/3/22,47,30,4,2,0
2020/3/22,48,4,0,2,0
2020/3/22,49,44,12,80,4
2020/3/22,05,28,2,22,0
2020/3/22,50,38,10,6,0
2020/3/22,51,184,38,54,6
2020/3/22,52,26,4,10,8
2020/3/22,53,18,4,6,0
2020/3/22,54,209,114,23,31
2020/3/22,55,120,12,14,2
2020/3/22,56,154,30,58,26
2020/3/22,57,662,144,101,64
2020/3/22,58,2,2,0,0
2020/3/22,59,192,86,40,22
2020/3/22,06,88,15,125,14
2020/3/22,60,294,56,94,38
2020/3/22,61,8,2,6,0
2020/3/22,62,98,40,60,2
2020/3/22,63,8,4,22,0
2020/3/22,64,30,2,4,2
2020/3/22,65,10,2,2,0
2020/3/22,66,120,40,8,10
2020/3/22,67,901,219,102,75
2020/3/22,68,1068,180,441,271
2020/3/22,69,547,76,127,45
2020/3/22,07,39,5,6,2
2020/3/22,70,52,12,10,0
2020/3/22,71,130,12,72,24
2020/3/22,72,22,0,12,0
2020/3/22,73,44,4,16,0
2020/3/22,74,109,17,113,14
2020/3/22,75,1449,390,288,80
2020/3/22,76,143,22,12,14
2020/3/22,77,254,82,46,6
2020/3/22,78,409,86,68,27
2020/3/22,79,16,2,20,2
2020/3/22,08,8,2,2,0
2020/3/22,80,245,78,42,16
2020/3/22,81,20,4,8,2
2020/3/22,82,6,2,0,2
2020/3/22,83,112,44,212,4
2020/3/22,84,44,10,22,2
2020/3/22,85,14,10,14,0
2020/3/22,86,26,2,2,2
2020/3/22,87,26,4,4,2
2020/3/22,88,122,16,32,43
2020/3/22,89,26,6,2,4
2020/3/22,09,4,2,6,0
2020/3/22,90,136,28,56,28
2020/3/22,91,391,94,24,8
2020/3/22,92,752,190,173,42
2020/3/22,93,522,146,82,45
2020/3/22,94,607,155,180,34
2020/3/22,95,561,132,162,36
2020/3/23,01,34,6,14,0
2020/3/23,10,66,8,0,4
2020/3/23,11,72,26,26,20
2020/3/23,12,28,4,8,2
2020/3/23,13,595,128,334,8
2020/3/23,14,52,12,10,2
2020/3/23,15,10,4,0,0
2020/3/23,16,11,7,4,2
2020/3/23,17,26,12,12,0
2020/3/23,18,0,0,0,0
2020/3/23,19,9,1,0,4
2020/3/23,02,181,46,124,60
2020/3/23,21,226,68,166,26
2020/3/23,22,17,1,6,2
2020/3/23,23,4,0,0,0
2020/3/23,24,40,6,4,0
2020/3/23,25,130,44,50,20
2020/3/23,26,116,32,10,14
2020/3/23,27,30,8,0,0
2020/3/23,28,65,19,4,4
2020/3/23,29,42,2,18,8
2020/3/23,03,18,0,32,2
2020/3/23,30,30,10,22,4
2020/3/23,31,142,38,52,4
2020/3/23,32,10,6,0,0
2020/3/23,33,136,48,38,6
2020/3/23,34,163,58,84,18
2020/3/23,35,68,28,40,2
2020/3/23,36,32,10,0,4
2020/3/23,37,36,12,2,4
2020/3/23,38,102,14,38,6
2020/3/23,39,20,2,4,0
2020/3/23,04,8,2,6,0
2020/3/23,40,8,0,0,0
2020/3/23,41,12,2,2,0
2020/3/23,42,246,50,40,20
2020/3/23,43,14,6,14,0
2020/3/23,44,114,30,28,6
2020/3/23,45,86,32,17,2
2020/3/23,46,4,0,8,0
2020/3/23,47,36,8,2,2
2020/3/23,48,8,0,2,0
2020/3/23,49,92,20,86,8
2020/3/23,05,38,6,26,0
2020/3/23,50,40,14,8,0
2020/3/23,51,234,56,78,16
2020/3/23,52,26,6,12,8
2020/3/23,53,28,4,6,2
2020/3/23,54,241,110,31,38
2020/3/23,55,171,14,32,4
2020/3/23,56,134,28,72,34
2020/3/23,57,777,166,115,106
2020/3/23,58,6,4,0,0
2020/3/23,59,290,136,60,30
2020/3/23,06,130,25,125,16
2020/3/23,60,347,62,108,58
2020/3/23,61,12,4,14,0
2020/3/23,62,130,56,66,6
2020/3/23,63,14,6,22,0
2020/3/23,64,38,2,10,2
2020/3/23,65,14,2,4,0
2020/3/23,66,166,44,12,12
2020/3/23,67,1064,277,154,98
2020/3/23,68,1254,198,465,313
2020/3/23,69,763,123,147,61
2020/3/23,07,52,5,6,4
2020/3/23,70,52,12,10,0
2020/3/23,71,168,14,100,26
2020/3/23,72,40,4,12,2
2020/3/23,73,52,8,26,2
2020/3/23,74,155,30,121,23
2020/3/23,75,1838,446,393,118
2020/3/23,76,161,28,16,16
2020/3/23,77,321,107,80,6
2020/3/23,78,449,98,82,34
2020/3/23,79,16,2,22,2
2020/3/23,08,12,6,2,0
2020/3/23,80,271,74,44,18
2020/3/23,81,14,6,8,2
2020/3/23,82,4,2,2,2
2020/3/23,83,112,46,228,10
2020/3/23,84,50,16,32,6
2020/3/23,85,19,11,16,0
2020/3/23,86,30,2,2,6
2020/3/23,87,34,4,4,2
2020/3/23,88,129,19,48,63
2020/3/23,89,32,14,2,4
2020/3/23,09,6,6,6,0
2020/3/23,90,188,40,62,48
2020/3/23,91,505,132,36,8
2020/3/23,92,986,252,223,56
2020/3/23,93,661,166,110,55
2020/3/23,94,763,205,216,48
2020/3/23,95,727,162,186,60
2020/3/24,01,44,6,22,0
2020/3/24,10,72,8,0,4
2020/3/24,11,66,22,26,24
2020/3/24,12,38,6,10,2
2020/3/24,13,709,164,392,14
2020/3/24,14,58,20,14,2
2020/3/24,15,14,6,0,0
2020/3/24,16,25,7,4,4
2020/3/24,17,52,12,12,0
2020/3/24,18,4,4,2,0
2020/3/24,19,24,6,0,6
2020/3/24,02,214,54,170,66
2020/3/24,21,228,68,210,44
2020/3/24,22,21,3,6,2
2020/3/24,23,4,0,0,0
2020/3/24,24,48,8,4,0
2020/3/24,25,160,52,60,22
2020/3/24,26,134,42,20,18
2020/3/24,27,30,8,0,0
2020/3/24,28,80,23,6,5
2020/3/24,29,43,2,28,10
2020/3/24,03,18,0,32,2
2020/3/24,30,28,16,28,8
2020/3/24,31,178,56,76,6
2020/3/24,32,16,6,0,0
2020/3/24,33,198,82,54,6
2020/3/24,34,197,68,98,20
2020/3/24,35,66,26,52,4
2020/3/24,36,38,14,0,4
2020/3/24,37,44,12,8,4
2020/3/24,38,118,14,62,6
2020/3/24,39,48,4,8,0
2020/3/24,04,8,2,6,0
2020/3/24,40,8,0,0,0
2020/3/24,41,20,2,12,0
2020/3/24,42,320,58,52,26
2020/3/24,43,16,6,16,0
2020/3/24,44,154,34,46,12
2020/3/24,45,86,32,20,2
2020/3/24,46,4,0,8,0
2020/3/24,47,32,4,4,2
2020/3/24,48,14,4,4,0
2020/3/24,49,116,30,96,10
2020/3/24,05,38,8,32,2
2020/3/24,50,40,12,8,4
2020/3/24,51,290,66,104,20
2020/3/24,52,48,12,22,10
2020/3/24,53,28,4,6,2
2020/3/24,54,322,158,49,48
2020/3/24,55,191,14,40,18
2020/3/24,56,134,28,86,34
2020/3/24,57,1040,201,158,130
2020/3/24,58,6,4,0,0
2020/3/24,59,366,152,64,38
2020/3/24,06,109,23,170,16
2020/3/24,60,378,70,142,76
2020/3/24,61,16,4,20,0
2020/3/24,62,170,68,68,12
2020/3/24,63,30,8,22,0
2020/3/24,64,46,10,14,2
2020/3/24,65,12,2,6,0
2020/3/24,66,182,56,24,14
2020/3/24,67,1239,326,240,137
2020/3/24,68,1421,193,545,372
2020/3/24,69,890,154,190,77
2020/3/24,07,67,7,36,6
2020/3/24,70,74,26,16,6
2020/3/24,71,183,28,191,40
2020/3/24,72,46,6,24,2
2020/3/24,73,56,8,32,2
2020/3/24,74,184,49,146,28
2020/3/24,75,2140,568,461,160
2020/3/24,76,196,36,22,24
2020/3/24,77,335,131,114,22
2020/3/24,78,585,143,118,50
2020/3/24,79,18,2,22,2
2020/3/24,08,10,6,4,0
2020/3/24,80,292,72,55,26
2020/3/24,81,16,6,8,2
2020/3/24,82,6,2,4,2
2020/3/24,83,144,52,234,14
2020/3/24,84,52,16,32,6
2020/3/24,85,30,12,16,0
2020/3/24,86,34,0,10,6
2020/3/24,87,36,6,4,4
2020/3/24,88,151,21,72,71
2020/3/24,89,36,16,2,4
2020/3/24,09,6,6,6,0
2020/3/24,90,218,44,76,54
2020/3/24,91,587,140,74,16
2020/3/24,92,1223,317,299,66
2020/3/24,93,775,197,142,74
2020/3/24,94,926,249,240,54
2020/3/24,95,754,194,256,80
2020/3/25,01,58,12,30,0
2020/3/25,10,88,18,6,12
2020/3/25,11,74,24,34,30
2020/3/25,12,34,8,20,2
2020/3/25,13,728,164,516,24
2020/3/25,14,92,28,14,2
2020/3/25,15,14,8,2,0
2020/3/25,16,34,5,4,8
2020/3/25,17,52,12,14,0
2020/3/25,18,14,10,2,0
2020/3/25,19,30,8,0,6
2020/3/25,02,230,64,174,68
2020/3/25,21,306,84,252,54
2020/3/25,22,30,4,6,2
2020/3/25,23,8,0,0,0
2020/3/25,24,58,10,4,0
2020/3/25,25,168,54,88,24
2020/3/25,26,180,50,26,28
2020/3/25,27,44,12,0,0
2020/3/25,28,98,36,12,7
2020/3/25,29,66,18,34,10
2020/3/25,03,24,0,40,2
2020/3/25,30,38,20,30,10
2020/3/25,31,216,72,88,6
2020/3/25,32,22,6,0,0
2020/3/25,33,286,82,110,12
2020/3/25,34,270,72,108,26
2020/3/25,35,82,28,60,4
2020/3/25,36,46,14,0,10
2020/3/25,37,50,16,18,6
2020/3/25,38,158,32,76,6
2020/3/25,39,56,8,8,0
2020/3/25,04,16,2,32,0
2020/3/25,40,18,4,2,0
2020/3/25,41,22,4,14,0
2020/3/25,42,420,80,58,32
2020/3/25,43,22,8,22,0
2020/3/25,44,178,38,54,14
2020/3/25,45,97,36,26,2
2020/3/25,46,6,2,8,0
2020/3/25,47,34,2,6,2
2020/3/25,48,16,4,4,0
2020/3/25,49,134,32,110,12
2020/3/25,05,46,8,38,2
2020/3/25,50,42,10,16,6
2020/3/25,51,359,82,130,32
2020/3/25,52,46,14,24,10
2020/3/25,53,42,8,6,2
2020/3/25,54,384,166,61,56
2020/3/25,55,213,18,48,22
2020/3/25,56,138,26,104,40
2020/3/25,57,1124,229,225,158
2020/3/25,58,6,4,0,0
2020/3/25,59,478,186,72,40
2020/3/25,06,148,33,184,18
2020/3/25,60,420,86,156,88
2020/3/25,61,22,8,40,2
2020/3/25,62,206,80,84,16
2020/3/25,63,34,8,24,0
2020/3/25,64,64,14,16,6
2020/3/25,65,14,4,6,0
2020/3/25,66,196,60,46,14
2020/3/25,67,1375,368,298,159
2020/3/25,68,1599,211,646,476
2020/3/25,69,1126,226,227,97
2020/3/25,07,83,9,67,8
2020/3/25,70,88,36,22,12
2020/3/25,71,217,38,196,50
2020/3/25,72,52,6,26,2
2020/3/25,73,76,12,36,4
2020/3/25,74,225,59,167,30
2020/3/25,75,2564,656,579,224
2020/3/25,76,250,54,30,26
2020/3/25,77,430,155,138,30
2020/3/25,78,655,174,172,74
2020/3/25,79,22,2,22,2
2020/3/25,08,10,6,4,0
2020/3/25,80,322,78,77,32
2020/3/25,81,32,14,9,2
2020/3/25,82,6,2,4,2
2020/3/25,83,185,60,250,16
2020/3/25,84,66,18,42,6
2020/3/25,85,66,14,16,2
2020/3/25,86,30,0,18,8
2020/3/25,87,40,10,4,6
2020/3/25,88,219,36,88,82
2020/3/25,89,64,22,2,4
2020/3/25,09,14,6,8,0
2020/3/25,90,276,54,84,60
2020/3/25,91,719,158,116,24
2020/3/25,92,1469,373,383,94
2020/3/25,93,920,199,160,92
2020/3/25,94,1087,288,306,68
2020/3/25,95,882,218,310,106
2020/3/26,01,66,12,34,4
2020/3/26,10,114,26,6,12
2020/3/26,11,76,22,46,30
2020/3/26,12,44,10,20,8
2020/3/26,13,848,194,605,32
2020/3/26,14,102,32,22,2
2020/3/26,15,12,8,4,0
2020/3/26,16,35,5,11,8
2020/3/26,17,72,22,30,0
2020/3/26,18,18,12,2,2
2020/3/26,19,32,12,2,6
2020/3/26,02,248,70,174,72
2020/3/26,21,326,80,264,64
2020/3/26,22,44,8,6,2
2020/3/26,23,8,0,0,0
2020/3/26,24,66,8,7,0
2020/3/26,25,168,58,104,36
2020/3/26,26,231,59,52,36
2020/3/26,27,70,18,0,2
2020/3/26,28,114,39,19,16
2020/3/26,29,82,18,40,10
2020/3/26,03,29,1,52,4
2020/3/26,30,34,22,34,10
2020/3/26,31,279,110,98,6
2020/3/26,32,20,6,2,0
2020/3/26,33,330,92,144,22
2020/3/26,34,304,74,140,32
2020/3/26,35,100,28,68,4
2020/3/26,36,46,14,2,10
2020/3/26,37,66,18,24,6
2020/3/26,38,176,36,92,8
2020/3/26,39,90,18,8,0
2020/3/26,04,18,2,32,0
2020/3/26,40,16,6,4,0
2020/3/26,41,32,4,16,0
2020/3/26,42,493,100,64,38
2020/3/26,43,26,12,22,0
2020/3/26,44,181,40,58,18
2020/3/26,45,117,50,36,6
2020/3/26,46,6,2,10,0
2020/3/26,47,32,6,8,6
2020/3/26,48,14,4,6,0
2020/3/26,49,158,40,130,16
2020/3/26,05,58,12,40,2
2020/3/26,50,44,12,18,6
2020/3/26,51,398,88,142,38
2020/3/26,52,72,18,26,14
2020/3/26,53,54,10,6,6
2020/3/26,54,417,186,81,66
2020/3/26,55,231,20,64,24
2020/3/26,56,178,36,114,42
2020/3/26,57,1274,238,284,198
2020/3/26,58,8,4,0,0
2020/3/26,59,566,212,100,54
2020/3/26,06,168,35,188,24
2020/3/26,60,448,90,218,116
2020/3/26,61,28,10,48,2
2020/3/26,62,238,86,104,18
2020/3/26,63,42,8,26,0
2020/3/26,64,78,18,36,8
2020/3/26,65,30,4,10,2
2020/3/26,66,226,70,58,16
2020/3/26,67,1447,407,448,185
2020/3/26,68,1749,234,744,533
2020/3/26,69,1278,224,305,125
2020/3/26,07,91,11,77,10
2020/3/26,70,124,44,26,12
2020/3/26,71,297,44,231,58
2020/3/26,72,78,10,40,4
2020/3/26,73,104,26,38,4
2020/3/26,74,270,74,192,32
2020/3/26,75,2970,750,702,278
2020/3/26,76,302,78,36,28
2020/3/26,77,540,195,170,40
2020/3/26,78,823,199,224,86
2020/3/26,79,30,2,24,2
2020/3/26,08,26,14,4,0
2020/3/26,80,335,84,93,40
2020/3/26,81,48,20,12,2
2020/3/26,82,6,4,4,2
2020/3/26,83,205,64,264,24
2020/3/26,84,70,20,54,6
2020/3/26,85,92,18,20,4
2020/3/26,86,48,12,26,8
2020/3/26,87,46,8,6,8
2020/3/26,88,201,34,114,94
2020/3/26,89,70,24,4,6
2020/3/26,09,14,6,8,0
2020/3/26,90,274,60,104,70
2020/3/26,91,831,186,136,30
2020/3/26,92,1686,441,453,112
2020/3/26,93,1083,237,200,134
2020/3/26,94,1290,304,362,104
2020/3/26,95,978,220,368,134
2020/3/27,01,98,18,34,4
2020/3/27,10,120,26,6,12
2020/3/27,11,90,28,52,30
2020/3/27,12,48,12,26,10
2020/3/27,13,1028,220,655,40
2020/3/27,14,126,42,24,4
2020/3/27,15,14,8,4,0
2020/3/27,16,51,9,15,8
2020/3/27,17,72,26,32,0
2020/3/27,18,24,8,6,4
2020/3/27,19,32,12,2,6
2020/3/27,02,264,70,180,74
2020/3/27,21,340,84,274,68
2020/3/27,22,64,10,6,2
2020/3/27,23,12,4,0,0
2020/3/27,24,82,10,8,0
2020/3/27,25,200,74,120,42
2020/3/27,26,255,68,78,42
2020/3/27,27,74,20,0,2
2020/3/27,28,133,49,25,20
2020/3/27,29,82,18,46,10
2020/3/27,03,35,3,54,8
2020/3/27,30,50,22,38,12
2020/3/27,31,311,112,104,10
2020/3/27,32,30,8,2,0
2020/3/27,33,405,105,182,30
2020/3/27,34,354,86,162,36
2020/3/27,35,106,32,76,6
2020/3/27,36,58,14,4,14
2020/3/27,37,102,30,36,6
2020/3/27,38,228,58,104,8
2020/3/27,39,96,24,10,0
2020/3/27,04,22,2,36,0
2020/3/27,40,20,6,4,0
2020/3/27,41,48,8,16,0
2020/3/27,42,523,102,88,40
2020/3/27,43,28,12,24,2
2020/3/27,44,254,64,66,24
2020/3/27,45,125,50,40,8
2020/3/27,46,6,2,10,0
2020/3/27,47,34,10,8,6
2020/3/27,48,14,4,6,0
2020/3/27,49,182,44,146,20
2020/3/27,05,64,14,44,2
2020/3/27,50,51,14,22,8
2020/3/27,51,434,94,158,40
2020/3/27,52,98,20,34,16
2020/3/27,53,90,12,6,6
2020/3/27,54,504,218,107,70
2020/3/27,55,256,26,74,26
2020/3/27,56,178,38,134,50
2020/3/27,57,1372,252,337,244
2020/3/27,58,12,6,0,0
2020/3/27,59,661,257,154,70
2020/3/27,06,196,43,196,24
2020/3/27,60,464,104,240,132
2020/3/27,61,30,10,50,2
2020/3/27,62,242,88,122,18
2020/3/27,63,54,10,28,0
2020/3/27,64,96,22,42,10
2020/3/27,65,34,6,10,2
2020/3/27,66,224,64,74,18
2020/3/27,67,1568,445,468,214
2020/3/27,68,1917,252,815,577
2020/3/27,69,1476,274,417,158
2020/3/27,07,94,14,89,17
2020/3/27,70,134,46,44,12
2020/3/27,71,329,54,238,64
2020/3/27,72,106,24,44,6
2020/3/27,73,122,30,48,6
2020/3/27,74,324,80,211,38
2020/3/27,75,3295,881,862,360
2020/3/27,76,344,100,49,32
2020/3/27,77,640,219,216,42
2020/3/27,78,898,200,270,106
2020/3/27,79,32,2,24,4
2020/3/27,08,28,16,4,0
2020/3/27,80,351,84,105,44
2020/3/27,81,50,24,16,2
2020/3/27,82,8,4,4,2
2020/3/27,83,227,66,276,24
2020/3/27,84,84,26,62,6
2020/3/27,85,108,22,20,6
2020/3/27,86,56,16,30,12
2020/3/27,87,66,8,6,8
2020/3/27,88,251,42,134,112
2020/3/27,89,74,24,4,6
2020/3/27,09,16,2,8,0
2020/3/27,90,294,60,120,86
2020/3/27,91,905,200,160,36
2020/3/27,92,1917,466,520,148
2020/3/27,93,1351,263,250,163
2020/3/27,94,1508,316,420,138
2020/3/27,95,1008,226,492,162
2020/3/28,01,106,24,40,6
2020/3/28,10,126,26,6,14
2020/3/28,11,118,38,68,34
2020/3/28,12,66,12,32,12
2020/3/28,13,1173,248,704,46
2020/3/28,14,162,54,32,4
2020/3/28,15,16,8,4,0
2020/3/28,16,43,9,23,9
2020/3/28,17,82,32,38,2
2020/3/28,18,32,16,6,8
2020/3/28,19,58,12,2,6
2020/3/28,02,268,68,190,82
2020/3/28,21,404,90,308,70
2020/3/28,22,68,10,12,4
2020/3/28,23,12,4,0,0
2020/3/28,24,22,10,10,0
2020/3/28,25,182,76,144,44
2020/3/28,26,327,90,82,42
2020/3/28,27,74,20,2,2
2020/3/28,28,143,47,29,20
2020/3/28,29,96,22,50,10
2020/3/28,03,43,3,62,8
2020/3/28,30,72,28,38,12
2020/3/28,31,326,120,123,12
2020/3/28,32,32,8,2,0
2020/3/28,33,432,112,196,34
2020/3/28,34,403,102,186,42
2020/3/28,35,130,32,80,10
2020/3/28,36,82,18,4,16
2020/3/28,37,102,30,44,8
2020/3/28,38,240,60,114,12
2020/3/28,39,74,18,30,2
2020/3/28,04,24,2,42,0
2020/3/28,40,18,6,10,0
2020/3/28,41,58,8,24,6
2020/3/28,42,640,133,94,54
2020/3/28,43,28,12,26,4
2020/3/28,44,287,77,82,38
2020/3/28,45,165,58,46,12
2020/3/28,46,6,2,10,0
2020/3/28,47,50,16,8,6
2020/3/28,48,16,4,8,0
2020/3/28,49,214,58,162,20
2020/3/28,05,64,14,52,2
2020/3/28,50,63,22,22,8
2020/3/28,51,506,104,223,48
2020/3/28,52,106,22,34,16
2020/3/28,53,92,12,6,10
2020/3/28,54,626,262,127,76
2020/3/28,55,260,26,74,28
2020/3/28,56,186,50,148,50
2020/3/28,57,1485,288,401,303
2020/3/28,58,14,8,2,0
2020/3/28,59,778,286,186,80
2020/3/28,06,209,41,212,30
2020/3/28,60,490,98,254,154
2020/3/28,61,38,10,56,2
2020/3/28,62,298,108,138,24
2020/3/28,63,70,16,28,0
2020/3/28,64,96,20,56,12
2020/3/28,65,42,10,12,2
2020/3/28,66,246,68,94,18
2020/3/28,67,1660,445,524,234
2020/3/28,68,1898,258,965,647
2020/3/28,69,1715,373,491,186
2020/3/28,07,106,14,128,18
2020/3/28,70,131,42,52,18
2020/3/28,71,363,62,273,68
2020/3/28,72,157,34,50,8
2020/3/28,73,131,32,50,6
2020/3/28,74,354,88,245,46
2020/3/28,75,3836,1036,994,422
2020/3/28,76,432,116,77,36
2020/3/28,77,768,231,250,62
2020/3/28,78,1020,238,338,122
2020/3/28,79,34,2,26,4
2020/3/28,08,50,16,4,0
2020/3/28,80,428,98,119,52
2020/3/28,81,60,26,16,2
2020/3/28,82,8,4,4,2
2020/3/28,83,277,74,278,24
2020/3/28,84,90,36,76,8
2020/3/28,85,129,23,26,8
2020/3/28,86,52,16,34,16
2020/3/28,87,78,14,10,8
2020/3/28,88,299,56,158,136
2020/3/28,89,76,24,4,6
2020/3/28,09,16,2,8,0
2020/3/28,90,328,68,122,88
2020/3/28,91,1024,248,224,42
2020/3/28,92,2190,514,623,176
2020/3/28,93,1348,286,374,199
2020/3/28,94,1728,348,514,166
2020/3/28,95,1060,230,548,186
2020/3/29,01,108,26,46,12
2020/3/29,10,128,26,6,14
2020/3/29,11,136,36,70,34
2020/3/29,12,68,12,32,12
2020/3/29,13,1384,298,713,60
2020/3/29,14,186,62,34,4
2020/3/29,15,16,8,4,0
2020/3/29,16,59,13,26,9
2020/3/29,17,92,42,40,6
2020/3/29,18,36,16,6,8
2020/3/29,19,64,14,4,6
2020/3/29,02,271,68,192,84
2020/3/29,21,434,96,359,74
2020/3/29,22,72,10,16,6
2020/3/29,23,12,4,0,0
2020/3/29,24,22,10,10,0
2020/3/29,25,296,112,168,50
2020/3/29,26,363,102,82,44
2020/3/29,27,74,20,2,2
2020/3/29,28,194,53,32,22
2020/3/29,29,100,22,56,10
2020/3/29,03,45,9,64,8
2020/3/29,30,78,26,38,18
2020/3/29,31,369,130,129,14
2020/3/29,32,40,8,2,0
2020/3/29,33,474,126,214,42
2020/3/29,34,468,116,190,46
2020/3/29,35,168,30,102,10
2020/3/29,36,80,16,4,18
2020/3/29,37,115,35,46,8
2020/3/29,38,279,76,122,16
2020/3/29,39,74,18,30,2
2020/3/29,04,24,2,42,0
2020/3/29,40,22,6,10,0
2020/3/29,41,58,8,24,6
2020/3/29,42,746,145,120,66
2020/3/29,43,28,10,26,6
2020/3/29,44,315,77,82,46
2020/3/29,45,229,76,52,16
2020/3/29,46,10,4,14,0
2020/3/29,47,54,16,8,6
2020/3/29,48,18,4,8,0
2020/3/29,49,234,58,184,20
2020/3/29,05,78,16,54,2
2020/3/29,50,73,26,26,12
2020/3/29,51,518,106,251,52
2020/3/29,52,106,22,34,16
2020/3/29,53,105,13,6,10
2020/3/29,54,648,264,143,84
2020/3/29,55,262,26,76,28
2020/3/29,56,196,52,158,56
2020/3/29,57,1610,321,423,325
2020/3/29,58,18,12,2,0
2020/3/29,59,892,314,222,86
2020/3/29,06,223,51,230,34
2020/3/29,60,518,98,258,164
2020/3/29,61,50,10,56,2
2020/3/29,62,336,116,148,26
2020/3/29,63,102,42,28,0
2020/3/29,64,104,26,64,12
2020/3/29,65,50,10,14,2
2020/3/29,66,252,66,104,22
2020/3/29,67,1759,467,554,270
2020/3/29,68,1989,270,1023,693
2020/3/29,69,1809,411,539,214
2020/3/29,07,111,12,129,20
2020/3/29,70,131,36,58,20
2020/3/29,71,367,54,279,72
2020/3/29,72,193,34,55,10
2020/3/29,73,163,34,54,8
2020/3/29,74,421,108,259,52
2020/3/29,75,4210,1140,1026,474
2020/3/29,76,526,126,87,44
2020/3/29,77,832,225,278,66
2020/3/29,78,1113,250,373,138
2020/3/29,79,46,8,26,4
2020/3/29,08,60,22,8,0
2020/3/29,80,454,100,130,62
2020/3/29,81,76,34,16,2
2020/3/29,82,8,4,4,2
2020/3/29,83,311,82,288,26
2020/3/29,84,98,36,76,8
2020/3/29,85,145,29,28,8
2020/3/29,86,68,28,38,18
2020/3/29,87,98,26,10,8
2020/3/29,88,358,54,165,144
2020/3/29,89,80,26,12,8
2020/3/29,09,18,4,8,0
2020/3/29,90,342,80,132,102
2020/3/29,91,1047,252,252,66
2020/3/29,92,2319,550,681,220
2020/3/29,93,1510,294,400,225
2020/3/29,94,1906,354,546,198
2020/3/29,95,1168,262,652,226
2020/3/30,01,130,37,48,19
2020/3/30,10,138,26,8,14
2020/3/30,11,146,40,72,36
2020/3/30,12,79,16,38,12
2020/3/30,13,1594,368,755,70
2020/3/30,14,190,62,36,14
2020/3/30,15,20,8,4,0
2020/3/30,16,69,15,26,9
2020/3/30,17,122,50,42,12
2020/3/30,18,64,24,6,12
2020/3/30,19,74,16,8,6
2020/3/30,02,270,68,204,88
2020/3/30,21,421,92,423,74
2020/3/30,22,78,10,18,6
2020/3/30,23,16,8,0,0
2020/3/30,24,22,8,10,0
2020/3/30,25,304,106,178,52
2020/3/30,26,414,120,106,64
2020/3/30,27,78,24,6,6
2020/3/30,28,226,57,43,34
2020/3/30,29,108,24,58,12
2020/3/30,03,59,15,77,8
2020/3/30,30,88,34,38,18
2020/3/30,31,426,155,139,14
2020/3/30,32,38,8,2,2
2020/3/30,33,576,156,287,50
2020/3/30,34,484,134,218,48
2020/3/30,35,182,34,106,14
2020/3/30,36,86,16,6,22
2020/3/30,37,162,42,50,8
2020/3/30,38,328,92,128,22
2020/3/30,39,96,18,30,4
2020/3/30,04,38,8,56,2
2020/3/30,40,29,8,12,2
2020/3/30,41,96,12,28,8
2020/3/30,42,781,164,140,72
2020/3/30,43,32,10,28,6
2020/3/30,44,316,80,106,56
2020/3/30,45,277,78,64,22
2020/3/30,46,10,4,14,0
2020/3/30,47,54,14,12,6
2020/3/30,48,16,4,12,0
2020/3/30,49,250,60,188,28
2020/3/30,05,76,12,66,2
2020/3/30,50,90,30,28,14
2020/3/30,51,536,124,271,82
2020/3/30,52,110,22,34,16
2020/3/30,53,112,16,8,14
2020/3/30,54,741,291,177,100
2020/3/30,55,296,30,110,34
2020/3/30,56,212,58,158,58
2020/3/30,57,1734,339,465,363
2020/3/30,58,24,14,2,0
2020/3/30,59,1023,360,269,110
2020/3/30,06,237,59,232,40
2020/3/30,60,552,104,278,180
2020/3/30,61,56,12,58,2
2020/3/30,62,381,150,166,34
2020/3/30,63,122,62,32,2
2020/3/30,64,110,30,68,18
2020/3/30,65,58,14,18,2
2020/3/30,66,246,74,120,26
2020/3/30,67,1815,495,574,306
2020/3/30,68,2043,275,1131,757
2020/3/30,69,1964,467,573,240
2020/3/30,07,122,12,153,22
2020/3/30,70,126,32,75,28
2020/3/30,71,373,68,289,86
2020/3/30,72,195,46,60,10
2020/3/30,73,169,48,70,10
2020/3/30,74,480,120,286,54
2020/3/30,75,4409,1193,1209,612
2020/3/30,76,542,146,97,48
2020/3/30,77,932,275,320,90
2020/3/30,78,1184,274,462,160
2020/3/30,79,50,6,26,4
2020/3/30,08,60,22,8,0
2020/3/30,80,481,118,144,72
2020/3/30,81,78,34,20,4
2020/3/30,82,14,10,5,2
2020/3/30,83,338,86,312,36
2020/3/30,84,126,40,80,10
2020/3/30,85,150,30,28,8
2020/3/30,86,82,26,40,18
2020/3/30,87,110,26,12,10
2020/3/30,88,391,56,183,162
2020/3/30,89,104,30,16,8
2020/3/30,09,22,6,8,0
2020/3/30,90,354,80,146,122
2020/3/30,91,1163,279,266,86
2020/3/30,92,2556,584,752,253
2020/3/30,93,1721,324,443,247
2020/3/30,94,2042,372,598,204
2020/3/30,95,1290,274,724,254
2020/3/31,01,143,31,65,20
2020/3/31,10,156,26,8,16
2020/3/31,11,150,36,78,38
2020/3/31,12,86,20,42,12
2020/3/31,13,1697,386,952,94
2020/3/31,14,192,70,44,14
2020/3/31,15,24,10,4,0
2020/3/31,16,27,11,28,9
2020/3/31,17,112,48,54,18
2020/3/31,18,76,28,8,16
2020/3/31,19,76,14,10,6
2020/3/31,02,286,74,215,101
2020/3/31,21,332,80,437,84
2020/3/31,22,78,10,20,8
2020/3/31,23,18,8,2,0
2020/3/31,24,20,6,12,2
2020/3/31,25,295,102,214,68
2020/3/31,26,426,120,128,78
2020/3/31,27,86,30,27,16
2020/3/31,28,240,53,51,34
2020/3/31,29,98,24,74,14
2020/3/31,03,70,25,82,10
2020/3/31,30,110,40,48,20
2020/3/31,31,437,165,180,14
2020/3/31,32,38,8,6,4
2020/3/31,33,600,162,377,60
2020/3/31,34,472,138,290,58
2020/3/31,35,188,44,118,18
2020/3/31,36,86,16,6,26
2020/3/31,37,202,58,54,10
2020/3/31,38,348,108,148,26
2020/3/31,39,104,18,42,6
2020/3/31,04,40,8,61,4
2020/3/31,40,29,10,14,2
2020/3/31,41,98,20,32,8
2020/3/31,42,827,166,154,88
2020/3/31,43,32,10,32,6
2020/3/31,44,318,100,142,62
2020/3/31,45,301,92,72,26
2020/3/31,46,10,4,14,0
2020/3/31,47,50,12,16,6
2020/3/31,48,14,4,14,0
2020/3/31,49,288,68,224,36
2020/3/31,05,84,14,72,2
2020/3/31,50,92,32,31,19
2020/3/31,51,645,122,337,92
2020/3/31,52,130,26,38,16
2020/3/31,53,110,18,16,16
2020/3/31,54,779,299,188,118
2020/3/31,55,282,32,138,44
2020/3/31,56,234,60,162,60
2020/3/31,57,1884,358,513,385
2020/3/31,58,24,16,2,4
2020/3/31,59,1144,420,357,132
2020/3/31,06,263,67,245,46
2020/3/31,60,555,111,300,198
2020/3/31,61,74,12,70,6
2020/3/31,62,430,168,188,38
2020/3/31,63,118,62,36,2
2020/3/31,64,144,52,74,20
2020/3/31,65,56,14,24,2
2020/3/31,66,244,70,156,28
2020/3/31,67,1921,507,649,360
2020/3/31,68,2070,309,1303,819
2020/3/31,69,2102,491,659,258
2020/3/31,07,151,18,192,24
2020/3/31,70,138,30,89,38
2020/3/31,71,381,60,291,96
2020/3/31,72,201,48,84,18
2020/3/31,73,200,60,108,10
2020/3/31,74,488,136,316,60
2020/3/31,75,4833,1320,1455,724
2020/3/31,76,626,178,127,68
2020/3/31,77,1063,293,404,126
2020/3/31,78,1408,316,572,195
2020/3/31,79,58,12,28,4
2020/3/31,08,95,33,16,0
2020/3/31,80,508,126,191,90
2020/3/31,81,90,36,22,4
2020/3/31,82,16,10,6,2
2020/3/31,83,359,104,356,47
2020/3/31,84,120,42,86,12
2020/3/31,85,102,30,46,10
2020/3/31,86,86,42,52,24
2020/3/31,87,122,26,18,10
2020/3/31,88,493,60,203,176
2020/3/31,89,150,32,18,10
2020/3/31,09,24,6,12,0
2020/3/31,90,402,86,182,122
2020/3/31,91,1275,322,304,104
2020/3/31,92,2870,646,912,297
2020/3/31,93,1922,378,617,320
2020/3/31,94,2312,377,730,296
2020/3/31,95,1444,290,804,286
2020/4/1,01,182,55,82,24
2020/4/1,10,171,30,41,36
2020/4/1,11,160,40,92,42
2020/4/1,12,92,20,42,14
2020/4/1,13,1754,418,1128,110
2020/4/1,14,221,82,58,16
2020/4/1,15,24,12,6,0
2020/4/1,16,33,13,32,9
2020/4/1,17,130,48,62,20
2020/4/1,18,80,30,8,22
2020/4/1,19,78,16,16,8
2020/4/1,02,326,80,241,117
2020/4/1,21,380,88,485,90
2020/4/1,22,94,10,26,12
2020/4/1,23,22,8,2,0
2020/4/1,24,26,8,16,2
2020/4/1,25,321,106,234,68
2020/4/1,26,477,122,152,80
2020/4/1,27,86,20,32,16
2020/4/1,28,240,57,65,34
2020/4/1,29,112,34,82,14
2020/4/1,03,74,25,96,10
2020/4/1,30,148,52,50,20
2020/4/1,31,432,182,216,22
2020/4/1,32,50,8,8,6
2020/4/1,33,592,176,449,64
2020/4/1,34,476,152,338,70
2020/4/1,35,212,50,124,20
2020/4/1,36,102,12,8,34
2020/4/1,37,226,70,74,22
2020/4/1,38,369,116,182,30
2020/4/1,39,110,18,50,8
2020/4/1,04,43,10,66,4
2020/4/1,40,31,11,14,2
2020/4/1,41,116,22,34,14
2020/4/1,42,823,174,212,114
2020/4/1,43,34,10,36,6
2020/4/1,44,375,90,162,72
2020/4/1,45,357,114,84,28
2020/4/1,46,16,6,26,0
2020/4/1,47,58,12,16,6
2020/4/1,48,18,4,14,0
2020/4/1,49,300,80,254,36
2020/4/1,05,104,22,72,2
2020/4/1,50,108,38,35,19
2020/4/1,51,656,122,389,106
2020/4/1,52,132,24,40,16
2020/4/1,53,112,18,22,16
2020/4/1,54,815,310,261,150
2020/4/1,55,322,38,156,44
2020/4/1,56,266,64,172,64
2020/4/1,57,2031,360,605,423
2020/4/1,58,24,18,2,6
2020/4/1,59,1219,441,429,162
2020/4/1,06,297,81,261,58
2020/4/1,60,585,119,366,238
2020/4/1,61,98,12,84,10
2020/4/1,62,549,186,208,46
2020/4/1,63,154,62,46,4
2020/4/1,64,146,54,92,20
2020/4/1,65,78,14,28,2
2020/4/1,66,222,70,190,30
2020/4/1,67,2003,534,814,412
2020/4/1,68,2154,311,1369,826
2020/4/1,69,2219,525,777,300
2020/4/1,07,149,18,211,32
2020/4/1,70,136,32,109,44
2020/4/1,71,345,66,295,100
2020/4/1,72,197,46,100,26
2020/4/1,73,218,64,174,12
2020/4/1,74,496,150,366,78
2020/4/1,75,5236,1435,1720,806
2020/4/1,76,612,176,181,76
2020/4/1,77,1126,319,523,162
2020/4/1,78,1625,356,691,237
2020/4/1,79,66,12,28,4
2020/4/1,08,107,31,16,2
2020/4/1,80,539,128,197,96
2020/4/1,81,106,38,24,6
2020/4/1,82,22,10,6,4
2020/4/1,83,353,92,384,54
2020/4/1,84,140,40,96,20
2020/4/1,85,112,32,54,14
2020/4/1,86,94,40,54,24
2020/4/1,87,122,30,30,10
2020/4/1,88,505,68,241,188
2020/4/1,89,170,42,26,16
2020/4/1,09,31,12,14,0
2020/4/1,90,438,88,182,128
2020/4/1,91,1371,344,332,126
2020/4/1,92,3256,707,1030,345
2020/4/1,93,2338,453,713,372
2020/4/1,94,2711,480,891,369
2020/4/1,95,1460,300,943,312
2020/4/10,01,253,54,233,80
2020/4/10,10,422,54,391,117
2020/4/10,11,126,30,182,74
2020/4/10,12,100,16,112,34
2020/4/10,13,2166,534,2308,317
2020/4/10,14,329,118,144,63
2020/4/10,15,54,16,18,0
2020/4/10,16,19,7,60,16
2020/4/10,17,156,42,112,42
2020/4/10,18,132,28,60,56
2020/4/10,19,77,19,68,24
2020/4/10,02,558,88,524,270
2020/4/10,21,699,158,737,204
2020/4/10,22,140,22,108,34
2020/4/10,23,58,26,18,8
2020/4/10,24,52,10,54,2
2020/4/10,25,375,148,467,129
2020/4/10,26,458,120,386,146
2020/4/10,27,174,16,93,66
2020/4/10,28,387,59,280,80
2020/4/10,29,220,80,155,24
2020/4/10,03,110,44,144,20
2020/4/10,30,216,82,166,44
2020/4/10,31,499,194,456,52
2020/4/10,32,50,8,40,16
2020/4/10,33,562,162,714,126
2020/4/10,34,423,134,697,140
2020/4/10,35,342,84,248,72
2020/4/10,36,157,18,40,58
2020/4/10,37,384,120,190,60
2020/4/10,38,497,112,400,82
2020/4/10,39,222,32,120,48
2020/4/10,04,69,8,120,8
2020/4/10,40,50,26,62,18
2020/4/10,41,186,34,116,36
2020/4/10,42,927,202,594,202
2020/4/10,43,48,14,90,10
2020/4/10,44,576,140,419,119
2020/4/10,45,529,158,362,68
2020/4/10,46,36,16,98,4
2020/4/10,47,56,12,34,8
2020/4/10,48,12,2,22,0
2020/4/10,49,386,108,466,98
2020/4/10,05,104,30,130,4
2020/4/10,50,154,45,91,37
2020/4/10,51,779,120,772,235
2020/4/10,52,200,38,144,74
2020/4/10,53,148,28,60,34
2020/4/10,54,998,294,740,324
2020/4/10,55,307,48,348,84
2020/4/10,56,278,68,350,112
2020/4/10,57,2098,320,1571,901
2020/4/10,58,96,20,26,14
2020/4/10,59,1865,539,1266,454
2020/4/10,06,546,160,457,124
2020/4/10,60,862,139,816,390
2020/4/10,61,150,26,178,28
2020/4/10,62,890,208,665,184
2020/4/10,63,146,68,154,30
2020/4/10,64,194,56,172,32
2020/4/10,65,135,12,86,14
2020/4/10,66,158,66,364,40
2020/4/10,67,2197,530,1881,684
2020/4/10,68,2043,264,2411,1136
2020/4/10,69,2386,516,1905,580
2020/4/10,07,202,44,333,75
2020/4/10,70,178,34,195,94
2020/4/10,71,367,72,467,178
2020/4/10,72,286,42,220,48
2020/4/10,73,235,46,355,46
2020/4/10,74,561,151,701,156
2020/4/10,75,6331,1679,3995,1671
2020/4/10,76,670,214,515,179
2020/4/10,77,1553,413,1551,426
2020/4/10,78,2071,380,1367,498
2020/4/10,79,76,24,46,18
2020/4/10,08,146,31,104,22
2020/4/10,80,714,152,462,220
2020/4/10,81,89,40,98,18
2020/4/10,82,38,20,22,6
2020/4/10,83,537,106,632,98
2020/4/10,84,162,38,214,42
2020/4/10,85,144,42,116,38
2020/4/10,86,112,46,104,38
2020/4/10,87,136,26,85,22
2020/4/10,88,553,68,494,314
2020/4/10,89,175,40,148,46
2020/4/10,09,28,8,29,2
2020/4/10,90,443,74,452,204
2020/4/10,91,2350,460,1030,382
2020/4/10,92,3931,864,2822,923
2020/4/10,93,3177,496,1852,957
2020/4/10,94,4351,652,2032,1011
2020/4/10,95,1817,357,1920,705
2020/4/11,01,233,58,259,84
2020/4/11,10,434,54,391,121
2020/4/11,11,132,28,192,74
2020/4/11,12,110,12,116,34
2020/4/11,13,2117,528,2419,343
2020/4/11,14,331,110,164,66
2020/4/11,15,54,14,18,0
2020/4/11,16,25,13,60,16
2020/4/11,17,158,44,114,44
2020/4/11,18,132,30,60,58
2020/4/11,19,91,23,74,26
2020/4/11,02,556,86,568,278
2020/4/11,21,648,144,801,212
2020/4/11,22,138,24,118,36
2020/4/11,23,62,28,18,8
2020/4/11,24,48,12,64,2
2020/4/11,25,367,151,495,135
2020/4/11,26,452,118,410,154
2020/4/11,27,188,16,93,66
2020/4/11,28,396,49,287,82
2020/4/11,29,231,78,163,26
2020/4/11,03,119,44,147,24
2020/4/11,30,194,80,192,46
2020/4/11,31,477,194,498,56
2020/4/11,32,46,8,42,18
2020/4/11,33,616,204,723,128
2020/4/11,34,367,112,749,148
2020/4/11,35,343,76,270,78
2020/4/11,36,167,18,46,60
2020/4/11,37,398,126,206,66
2020/4/11,38,491,108,414,90
2020/4/11,39,224,28,130,52
2020/4/11,04,69,10,126,8
2020/4/11,40,50,26,62,18
2020/4/11,41,186,30,122,42
2020/4/11,42,939,196,627,208
2020/4/11,43,60,14,90,10
2020/4/11,44,574,130,453,123
2020/4/11,45,553,148,396,78
2020/4/11,46,40,20,106,4
2020/4/11,47,54,12,34,8
2020/4/11,48,12,2,22,0
2020/4/11,49,404,92,484,106
2020/4/11,05,100,30,136,4
2020/4/11,50,139,41,104,41
2020/4/11,51,727,116,832,261
2020/4/11,52,198,36,156,80
2020/4/11,53,130,22,78,36
2020/4/11,54,998,292,764,340
2020/4/11,55,285,42,366,90
2020/4/11,56,260,70,388,118
2020/4/11,57,2070,320,1623,931
2020/4/11,58,106,20,30,14
2020/4/11,59,1858,531,1358,493
2020/4/11,06,525,152,492,132
2020/4/11,60,881,141,851,407
2020/4/11,61,134,26,196,32
2020/4/11,62,866,196,701,192
2020/4/11,63,144,54,158,36
2020/4/11,64,184,54,190,32
2020/4/11,65,147,10,92,16
2020/4/11,66,156,58,370,42
2020/4/11,67,2199,520,1908,690
2020/4/11,68,2049,278,2455,1148
2020/4/11,69,2484,506,2026,600
2020/4/11,07,196,48,345,75
2020/4/11,70,174,34,199,96
2020/4/11,71,347,66,515,182
2020/4/11,72,294,44,236,50
2020/4/11,73,213,46,381,46
2020/4/11,74,562,149,767,168
2020/4/11,75,6407,1619,4246,1726
2020/4/11,76,655,210,547,185
2020/4/11,77,1586,405,1606,446
2020/4/11,78,2101,378,1442,514
2020/4/11,79,76,16,46,18
2020/4/11,08,136,33,114,26
2020/4/11,80,700,142,541,236
2020/4/11,81,83,38,106,20
2020/4/11,82,36,20,26,6
2020/4/11,83,547,110,666,100
2020/4/11,84,152,36,234,42
2020/4/11,85,150,40,124,40
2020/4/11,86,126,58,104,38
2020/4/11,87,138,36,95,22
2020/4/11,88,531,60,520,316
2020/4/11,89,169,40,170,50
2020/4/11,09,28,8,29,2
2020/4/11,90,433,70,476,214
2020/4/11,91,2394,466,1112,404
2020/4/11,92,3937,878,2974,963
2020/4/11,93,3220,483,1993,985
2020/4/11,94,4439,628,2122,1038
2020/4/11,95,1827,349,2034,727
2020/4/12,01,233,58,267,84
2020/4/12,10,474,54,393,121
2020/4/12,11,162,28,192,76
2020/4/12,12,112,12,116,36
2020/4/12,13,2254,536,2441,347
2020/4/12,14,323,102,180,70
2020/4/12,15,56,14,18,0
2020/4/12,16,27,11,62,16
2020/4/12,17,171,42,114,46
2020/4/12,18,136,28,64,62
2020/4/12,19,95,23,76,28
2020/4/12,02,564,88,572,282
2020/4/12,21,686,144,809,232
2020/4/12,22,146,24,122,40
2020/4/12,23,66,30,18,8
2020/4/12,24,52,12,64,2
2020/4/12,25,421,147,525,143
2020/4/12,26,470,114,414,158
2020/4/12,27,188,14,97,66
2020/4/12,28,429,49,289,82
2020/4/12,29,245,76,163,26
2020/4/12,03,115,40,157,26
2020/4/12,30,190,80,194,52
2020/4/12,31,487,194,516,56
2020/4/12,32,56,8,42,18
2020/4/12,33,598,198,755,136
2020/4/12,34,360,112,762,148
2020/4/12,35,363,70,282,78
2020/4/12,36,163,18,48,64
2020/4/12,37,386,114,212,72
2020/4/12,38,494,104,432,94
2020/4/12,39,234,30,130,54
2020/4/12,04,67,10,126,10
2020/4/12,40,48,24,62,20
2020/4/12,41,192,30,122,42
2020/4/12,42,985,202,657,218
2020/4/12,43,64,14,90,10
2020/4/12,44,588,130,465,127
2020/4/12,45,566,144,412,80
2020/4/12,46,40,20,106,4
2020/4/12,47,60,12,35,8
2020/4/12,48,12,2,22,0
2020/4/12,49,438,94,490,106
2020/4/12,05,98,26,136,6
2020/4/12,50,140,39,108,41
2020/4/12,51,761,122,850,273
2020/4/12,52,198,36,164,84
2020/4/12,53,138,22,78,36
2020/4/12,54,976,284,820,346
2020/4/12,55,287,40,380,98
2020/4/12,56,264,68,394,120
2020/4/12,57,2092,318,1679,957
2020/4/12,58,112,20,32,14
2020/4/12,59,1888,529,1380,515
2020/4/12,06,531,154,492,134
2020/4/12,60,920,145,880,427
2020/4/12,61,146,28,198,34
2020/4/12,62,878,190,741,206
2020/4/12,63,152,54,158,36
2020/4/12,64,186,52,192,36
2020/4/12,65,167,12,92,16
2020/4/12,66,158,54,370,44
2020/4/12,67,2189,520,1983,702
2020/4/12,68,2051,284,2483,1172
2020/4/12,69,2480,500,2082,610
2020/4/12,07,197,46,348,75
2020/4/12,70,170,34,203,98
2020/4/12,71,349,68,523,184
2020/4/12,72,302,46,242,54
2020/4/12,73,215,48,393,46
2020/4/12,74,566,145,783,174
2020/4/12,75,6471,1612,4433,1816
2020/4/12,76,629,188,585,189
2020/4/12,77,1612,412,1654,460
2020/4/12,78,2115,374,1474,534
2020/4/12,79,70,14,48,20
2020/4/12,08,157,29,131,34
2020/4/12,80,691,142,561,244
2020/4/12,81,87,38,104,20
2020/4/12,82,36,20,26,6
2020/4/12,83,529,106,726,110
2020/4/12,84,157,38,240,44
2020/4/12,85,150,42,130,40
2020/4/12,86,134,58,104,38
2020/4/12,87,154,36,99,22
2020/4/12,88,535,58,530,328
2020/4/12,89,167,40,170,52
2020/4/12,09,30,8,29,2
2020/4/12,90,439,70,484,222
2020/4/12,91,2436,462,1159,424
2020/4/12,92,4028,896,3044,1007
2020/4/12,93,3258,481,2103,1005
2020/4/12,94,4435,629,2230,1071
2020/4/12,95,1832,357,2074,749
2020/4/13,01,237,58,273,88
2020/4/13,10,511,54,395,123
2020/4/13,11,182,28,192,80
2020/4/13,12,114,10,118,38
2020/4/13,13,2282,540,2473,361
2020/4/13,14,311,98,188,72
2020/4/13,15,58,14,18,0
2020/4/13,16,27,11,62,16
2020/4/13,17,169,38,116,46
2020/4/13,18,144,28,68,70
2020/4/13,19,101,25,76,28
2020/4/13,02,570,88,574,292
2020/4/13,21,678,146,833,238
2020/4/13,22,148,22,124,40
2020/4/13,23,68,30,18,8
2020/4/13,24,62,14,64,2
2020/4/13,25,419,147,535,143
2020/4/13,26,466,110,426,160
2020/4/13,27,184,14,97,70
2020/4/13,28,455,49,289,84
2020/4/13,29,241,74,167,32
2020/4/13,03,115,40,159,26
2020/4/13,30,184,80,198,54
2020/4/13,31,485,190,526,56
2020/4/13,32,62,8,42,18
2020/4/13,33,622,206,771,138
2020/4/13,34,387,114,770,152
2020/4/13,35,367,70,288,80
2020/4/13,36,185,18,48,76
2020/4/13,37,390,112,216,72
2020/4/13,38,507,98,438,96
2020/4/13,39,248,34,130,56
2020/4/13,04,65,8,126,10
2020/4/13,40,48,24,62,20
2020/4/13,41,194,28,124,44
2020/4/13,42,979,206,665,220
2020/4/13,43,62,12,92,12
2020/4/13,44,595,128,471,141
2020/4/13,45,582,154,436,82
2020/4/13,46,40,20,106,4
2020/4/13,47,60,12,35,8
2020/4/13,48,12,2,22,0
2020/4/13,49,441,90,506,108
2020/4/13,05,98,26,140,6
2020/4/13,50,142,39,108,41
2020/4/13,51,785,120,857,277
2020/4/13,52,200,36,166,84
2020/4/13,53,136,22,82,38
2020/4/13,54,995,291,834,356
2020/4/13,55,285,40,382,98
2020/4/13,56,262,70,400,120
2020/4/13,57,2087,328,1707,991
2020/4/13,58,120,22,32,16
2020/4/13,59,1928,529,1394,545
2020/4/13,06,545,151,508,148
2020/4/13,60,916,143,884,441
2020/4/13,61,142,28,202,38
2020/4/13,62,892,184,767,210
2020/4/13,63,160,54,158,36
2020/4/13,64,184,48,196,38
2020/4/13,65,165,10,96,20
2020/4/13,66,148,52,392,44
2020/4/13,67,2197,510,2003,712
2020/4/13,68,2043,280,2521,1186
2020/4/13,69,2501,504,2094,630
2020/4/13,07,205,44,350,81
2020/4/13,70,170,34,203,100
2020/4/13,71,351,68,525,184
2020/4/13,72,310,44,244,54
2020/4/13,73,221,50,395,48
2020/4/13,74,574,143,795,176
2020/4/13,75,6505,1590,4554,1910
2020/4/13,76,641,198,595,199
2020/4/13,77,1647,410,1693,480
2020/4/13,78,2129,364,1544,550
2020/4/13,79,72,14,52,20
2020/4/13,08,157,29,131,34
2020/4/13,80,718,138,569,252
2020/4/13,81,89,38,106,22
2020/4/13,82,36,20,26,6
2020/4/13,83,556,108,726,122
2020/4/13,84,146,34,246,44
2020/4/13,85,158,40,134,42
2020/4/13,86,142,58,104,41
2020/4/13,87,156,36,103,22
2020/4/13,88,537,62,542,336
2020/4/13,89,165,40,170,56
2020/4/13,09,30,8,29,2
2020/4/13,90,457,74,492,230
2020/4/13,91,2438,468,1171,438
2020/4/13,92,3992,868,3141,1050
2020/4/13,93,3221,484,2191,1051
2020/4/13,94,4471,644,2284,1127
2020/4/13,95,1850,355,2126,769
2020/4/14,01,263,56,283,92
2020/4/14,10,539,52,395,129
2020/4/14,11,172,24,196,82
2020/4/14,12,112,10,122,38
2020/4/14,13,2272,522,2621,395
2020/4/14,14,303,86,200,82
2020/4/14,15,58,18,20,0
2020/4/14,16,27,11,62,16
2020/4/14,17,187,40,120,50
2020/4/14,18,144,26,70,70
2020/4/14,19,105,23,78,32
2020/4/14,02,556,90,590,302
2020/4/14,21,690,146,835,266
2020/4/14,22,154,20,132,42
2020/4/14,23,64,28,22,8
2020/4/14,24,58,14,64,6
2020/4/14,25,463,147,552,159
2020/4/14,26,450,114,446,170
2020/4/14,27,170,14,101,82
2020/4/14,28,466,47,315,93
2020/4/14,29,239,74,171,38
2020/4/14,03,123,42,161,32
2020/4/14,30,194,72,210,56
2020/4/14,31,484,196,556,60
2020/4/14,32,64,6,44,20
2020/4/14,33,634,204,801,144
2020/4/14,34,375,112,784,166
2020/4/14,35,379,72,304,88
2020/4/14,36,182,18,52,76
2020/4/14,37,388,99,230,76
2020/4/14,38,495,94,452,104
2020/4/14,39,262,36,130,60
2020/4/14,04,66,8,142,10
2020/4/14,40,54,24,64,20
2020/4/14,41,208,30,128,50
2020/4/14,42,977,198,699,232
2020/4/14,43,58,8,100,12
2020/4/14,44,589,126,487,153
2020/4/14,45,593,154,452,88
2020/4/14,46,48,18,108,8
2020/4/14,47,64,12,37,8
2020/4/14,48,12,2,22,0
2020/4/14,49,460,88,514,112
2020/4/14,05,92,26,146,6
2020/4/14,50,154,39,110,52
2020/4/14,51,769,116,895,290
2020/4/14,52,206,38,166,86
2020/4/14,53,142,22,84,38
2020/4/14,54,1001,287,880,366
2020/4/14,55,291,44,398,100
2020/4/14,56,254,68,414,130
2020/4/14,57,2123,324,1753,1023
2020/4/14,58,116,20,34,24
2020/4/14,59,1958,513,1441,586
2020/4/14,06,552,151,534,160
2020/4/14,60,911,139,931,459
2020/4/14,61,148,26,214,38
2020/4/14,62,924,194,791,228
2020/4/14,63,158,54,160,36
2020/4/14,64,184,46,196,38
2020/4/14,65,165,10,100,24
2020/4/14,66,130,42,410,44
2020/4/14,67,2231,499,2044,747
2020/4/14,68,2080,280,2595,1187
2020/4/14,69,2491,502,2162,662
2020/4/14,07,206,45,365,85
2020/4/14,70,190,36,207,102
2020/4/14,71,359,68,535,194
2020/4/14,72,284,42,272,66
2020/4/14,73,198,40,429,56
2020/4/14,74,586,139,811,176
2020/4/14,75,6535,1578,4652,1997
2020/4/14,76,630,187,623,205
2020/4/14,77,1652,417,1786,538
2020/4/14,78,2097,364,1624,581
2020/4/14,79,74,14,54,20
2020/4/14,08,155,33,141,42
2020/4/14,80,733,136,596,258
2020/4/14,81,87,38,110,26
2020/4/14,82,36,18,30,6
2020/4/14,83,628,96,754,128
2020/4/14,84,150,34,250,44
2020/4/14,85,158,32,140,48
2020/4/14,86,135,55,118,43
2020/4/14,87,142,28,115,26
2020/4/14,88,537,62,550,346
2020/4/14,89,181,42,180,64
2020/4/14,09,30,8,29,2
2020/4/14,90,451,72,496,232
2020/4/14,91,2412,456,1251,492
2020/4/14,92,3995,842,3284,1122
2020/4/14,93,3209,474,2365,1117
2020/4/14,94,4467,684,2353,1198
2020/4/14,95,1914,359,2192,793
2020/4/15,01,273,44,308,104
2020/4/15,10,531,52,423,140
2020/4/15,11,154,20,214,82
2020/4/15,12,110,8,130,38
2020/4/15,13,2308,508,2727,415
2020/4/15,14,303,80,210,92
2020/4/15,15,56,16,24,0
2020/4/15,16,25,9,62,18
2020/4/15,17,164,42,128,54
2020/4/15,18,148,26,74,72
2020/4/15,19,107,23,82,34
2020/4/15,02,558,94,638,308
2020/4/15,21,720,156,871,282
2020/4/15,22,150,16,144,44
2020/4/15,23,60,24,22,8
2020/4/15,24,66,10,64,8
2020/4/15,25,456,137,572,161
2020/4/15,26,412,110,488,178
2020/4/15,27,158,14,109,86
2020/4/15,28,477,43,335,111
2020/4/15,29,229,68,177,40
2020/4/15,03,117,40,169,34
2020/4/15,30,210,72,220,56
2020/4/15,31,442,194,612,62
2020/4/15,32,62,6,46,20
2020/4/15,33,608,192,853,146
2020/4/15,34,350,108,817,176
2020/4/15,35,391,66,327,96
2020/4/15,36,196,18,54,76
2020/4/15,37,388,97,260,80
2020/4/15,38,507,100,486,118
2020/4/15,39,263,35,148,64
2020/4/15,04,73,8,144,10
2020/4/15,40,58,20,64,20
2020/4/15,41,198,32,140,54
2020/4/15,42,979,196,755,252
2020/4/15,43,54,6,104,12
2020/4/15,44,580,116,517,165
2020/4/15,45,573,142,500,96
2020/4/15,46,44,16,110,12
2020/4/15,47,58,10,49,8
2020/4/15,48,12,2,22,0
2020/4/15,49,420,88,558,120
2020/4/15,05,88,24,156,8
2020/4/15,50,150,37,120,58
2020/4/15,51,760,114,963,300
2020/4/15,52,172,38,190,90
2020/4/15,53,156,20,92,42
2020/4/15,54,960,269,960,386
2020/4/15,55,291,38,424,104
2020/4/15,56,236,62,430,138
2020/4/15,57,2138,318,1893,1059
2020/4/15,58,110,22,42,24
2020/4/15,59,1882,500,1625,628
2020/4/15,06,544,131,562,168
2020/4/15,60,958,133,961,485
2020/4/15,61,142,26,228,40
2020/4/15,62,940,208,871,254
2020/4/15,63,146,52,172,36
2020/4/15,64,180,46,208,38
2020/4/15,65,163,10,112,28
2020/4/15,66,110,34,432,46
2020/4/15,67,2134,467,2246,773
2020/4/15,68,2039,266,2767,1215
2020/4/15,69,2464,494,2338,700
2020/4/15,07,198,45,387,85
2020/4/15,70,178,32,243,112
2020/4/15,71,373,62,559,208
2020/4/15,72,284,36,310,66
2020/4/15,73,192,46,449,56
2020/4/15,74,586,121,851,180
2020/4/15,75,6389,1496,4940,2099
2020/4/15,76,614,175,663,207
2020/4/15,77,1665,385,1928,572
2020/4/15,78,2037,348,1765,609
2020/4/15,79,66,14,56,24
2020/4/15,08,139,35,151,50
2020/4/15,80,713,128,628,268
2020/4/15,81,83,36,118,28
2020/4/15,82,38,16,34,6
2020/4/15,83,639,94,807,134
2020/4/15,84,137,32,258,46
2020/4/15,85,140,30,156,50
2020/4/15,86,133,51,118,43
2020/4/15,87,128,28,127,26
2020/4/15,88,548,60,590,366
2020/4/15,89,172,38,209,64
2020/4/15,09,34,6,29,2
2020/4/15,90,401,62,536,246
2020/4/15,91,2317,395,1393,518
2020/4/15,92,3952,829,3499,1193
2020/4/15,93,3135,466,2575,1171
2020/4/15,94,4532,687,2580,1268
2020/4/15,95,1878,359,2328,812
2020/4/16,01,300,46,333,104
2020/4/16,10,525,52,459,144
2020/4/16,11,146,20,222,82
2020/4/16,12,110,8,132,38
2020/4/16,13,2278,504,2869,453
2020/4/16,14,293,80,226,94
2020/4/16,15,56,16,26,0
2020/4/16,16,21,7,66,18
2020/4/16,17,162,38,134,54
2020/4/16,18,134,14,84,74
2020/4/16,19,111,23,88,36
2020/4/16,02,552,94,664,316
2020/4/16,21,766,162,881,298
2020/4/16,22,138,16,160,44
2020/4/16,23,60,24,22,8
2020/4/16,24,72,10,65,8
2020/4/16,25,438,139,596,169
2020/4/16,26,402,108,516,184
2020/4/16,27,166,12,125,94
2020/4/16,28,470,47,407,115
2020/4/16,29,214,64,193,47
2020/4/16,03,119,40,171,38
2020/4/16,30,206,72,250,58
2020/4/16,31,422,190,642,62
2020/4/16,32,64,6,46,20
2020/4/16,33,592,182,891,148
2020/4/16,34,315,99,856,178
2020/4/16,35,385,64,355,98
2020/4/16,36,194,18,60,76
2020/4/16,37,372,91,278,84
2020/4/16,38,489,90,522,124
2020/4/16,39,262,33,164,68
2020/4/16,04,67,6,148,12
2020/4/16,40,60,14,66,20
2020/4/16,41,202,24,146,56
2020/4/16,42,967,192,789,264
2020/4/16,43,48,6,112,12
2020/4/16,44,564,106,545,171
2020/4/16,45,544,134,554,98
2020/4/16,46,46,16,112,12
2020/4/16,47,58,10,55,8
2020/4/16,48,10,2,24,0
2020/4/16,49,434,80,584,132
2020/4/16,05,84,24,162,8
2020/4/16,50,152,39,128,58
2020/4/16,51,750,106,983,306
2020/4/16,52,166,38,200,92
2020/4/16,53,182,20,98,50
2020/4/16,54,908,257,1020,402
2020/4/16,55,289,42,438,108
2020/4/16,56,230,60,442,142
2020/4/16,57,2135,308,2015,1080
2020/4/16,58,126,22,44,24
2020/4/16,59,1858,474,1749,658
2020/4/16,06,544,121,588,174
2020/4/16,60,948,133,1027,503
2020/4/16,61,136,22,238,40
2020/4/16,62,978,186,911,256
2020/4/16,63,147,52,174,42
2020/4/16,64,172,42,224,38
2020/4/16,65,157,10,120,28
2020/4/16,66,94,34,450,46
2020/4/16,67,2085,447,2372,791
2020/4/16,68,1953,270,2933,1249
2020/4/16,69,2452,492,2442,728
2020/4/16,07,200,43,393,85
2020/4/16,70,178,32,253,114
2020/4/16,71,379,64,597,226
2020/4/16,72,281,34,334,68
2020/4/16,73,190,42,457,60
2020/4/16,74,544,121,909,198
2020/4/16,75,6178,1450,5259,2171
2020/4/16,76,594,177,691,217
2020/4/16,77,1673,360,2085,612
2020/4/16,78,1964,324,1894,631
2020/4/16,79,66,14,58,24
2020/4/16,08,133,33,161,50
2020/4/16,80,714,120,657,271
2020/4/16,81,90,32,112,30
2020/4/16,82,34,16,42,6
2020/4/16,83,625,90,845,144
2020/4/16,84,138,32,258,46
2020/4/16,85,128,32,190,48
2020/4/16,86,121,47,130,49
2020/4/16,87,126,26,131,30
2020/4/16,88,553,60,614,374
2020/4/16,89,192,38,211,66
2020/4/16,09,34,4,29,2
2020/4/16,90,389,64,564,248
2020/4/16,91,2321,395,1491,544
2020/4/16,92,3938,808,3704,1235
2020/4/16,93,3124,479,2756,1214
2020/4/16,94,4476,653,2797,1346
2020/4/16,95,1868,345,2492,844
2020/4/17,01,298,47,349,109
2020/4/17,10,521,52,485,148
2020/4/17,11,142,16,234,82
2020/4/17,12,116,8,136,38
2020/4/17,13,2345,489,2998,473
2020/4/17,14,279,72,246,98
2020/4/17,15,46,14,38,0
2020/4/17,16,23,7,66,18
2020/4/17,17,164,34,136,56
2020/4/17,18,155,8,96,80
2020/4/17,19,113,23,90,36
2020/4/17,02,552,88,688,328
2020/4/17,21,758,148,927,308
2020/4/17,22,144,16,164,46
2020/4/17,23,62,24,23,8
2020/4/17,24,109,12,66,10
2020/4/17,25,422,130,622,175
2020/4/17,26,376,106,544,194
2020/4/17,27,187,12,135,96
2020/4/17,28,497,51,433,123
2020/4/17,29,202,58,203,51
2020/4/17,03,121,38,173,38
2020/4/17,30,242,76,254,62
2020/4/17,31,408,185,667,68
2020/4/17,32,82,6,46,20
2020/4/17,33,590,170,921,162
2020/4/17,34,302,89,884,178
2020/4/17,35,383,53,373,102
2020/4/17,36,190,18,76,78
2020/4/17,37,357,87,289,90
2020/4/17,38,507,86,538,126
2020/4/17,39,288,33,166,68
2020/4/17,04,67,6,150,12
2020/4/17,40,64,12,66,20
2020/4/17,41,214,36,154,58
2020/4/17,42,977,180,837,268
2020/4/17,43,58,6,116,12
2020/4/17,44,578,102,559,175
2020/4/17,45,520,146,582,98
2020/4/17,46,44,14,128,14
2020/4/17,47,58,8,61,10
2020/4/17,48,10,2,24,0
2020/4/17,49,412,80,604,138
2020/4/17,05,84,22,162,10
2020/4/17,50,147,30,132,58
2020/4/17,51,744,106,1029,320
2020/4/17,52,166,38,206,92
2020/4/17,53,184,20,106,52
2020/4/17,54,888,249,1050,412
2020/4/17,55,293,36,444,125
2020/4/17,56,232,56,450,142
2020/4/17,57,2106,310,2115,1094
2020/4/17,58,122,20,52,24
2020/4/17,59,1825,475,1849,690
2020/4/17,06,515,109,644,188
2020/4/17,60,979,131,1069,515
2020/4/17,61,140,26,238,46
2020/4/17,62,944,176,987,290
2020/4/17,63,142,52,182,44
2020/4/17,64,172,38,224,40
2020/4/17,65,154,8,127,28
2020/4/17,66,76,30,460,48
2020/4/17,67,2036,423,2505,825
2020/4/17,68,1983,268,2969,1251
2020/4/17,69,2472,470,2568,742
2020/4/17,07,204,43,411,91
2020/4/17,70,189,34,259,116
2020/4/17,71,402,60,620,230
2020/4/17,72,279,30,348,70
2020/4/17,73,184,38,487,62
2020/4/17,74,520,115,955,206
2020/4/17,75,6142,1390,5560,2254
2020/4/17,76,560,163,730,224
2020/4/17,77,1682,356,2237,650
2020/4/17,78,1934,306,1988,653
2020/4/17,79,68,12,60,24
2020/4/17,08,135,32,173,54
2020/4/17,80,711,116,709,277
2020/4/17,81,90,30,112,30
2020/4/17,82,28,16,52,6
2020/4/17,83,608,86,879,159
2020/4/17,84,130,34,270,46
2020/4/17,85,142,30,202,48
2020/4/17,86,113,41,138,49
2020/4/17,87,120,22,133,32
2020/4/17,88,537,58,638,378
2020/4/17,89,194,38,217,66
2020/4/17,09,26,4,37,4
2020/4/17,90,375,58,584,258
2020/4/17,91,2371,369,1572,592
2020/4/17,92,3869,782,3869,1277
2020/4/17,93,3109,453,2990,1303
2020/4/17,94,4474,667,2939,1384
2020/4/17,95,1833,335,2608,864
2020/4/18,01,342,49,356,119
2020/4/18,10,531,52,487,148
2020/4/18,11,136,16,252,84
2020/4/18,12,130,8,138,38
2020/4/18,13,2248,465,3167,491
2020/4/18,14,277,68,264,98
2020/4/18,15,44,14,40,0
2020/4/18,16,21,5,68,18
2020/4/18,17,170,38,142,56
2020/4/18,18,155,8,96,82
2020/4/18,19,121,21,94,40
2020/4/18,02,540,82,708,334
2020/4/18,21,780,154,933,318
2020/4/18,22,140,14,170,46
2020/4/18,23,64,24,24,10
2020/4/18,24,109,12,70,10
2020/4/18,25,380,116,664,185
2020/4/18,26,344,98,572,200
2020/4/18,27,191,12,137,100
2020/4/18,28,500,45,450,123
2020/4/18,29,202,54,205,59
2020/4/18,03,113,34,179,44
2020/4/18,30,228,72,272,62
2020/4/18,31,388,181,696,68
2020/4/18,32,84,6,46,22
2020/4/18,33,564,170,967,172
2020/4/18,34,329,93,903,180
2020/4/18,35,358,54,406,112
2020/4/18,36,196,18,76,82
2020/4/18,37,345,83,301,96
2020/4/18,38,491,78,580,130
2020/4/18,39,276,27,188,74
2020/4/18,04,67,6,152,12
2020/4/18,40,60,12,70,20
2020/4/18,41,218,34,156,62
2020/4/18,42,938,185,884,278
2020/4/18,43,78,6,124,12
2020/4/18,44,560,90,585,183
2020/4/18,45,500,142,614,106
2020/4/18,46,44,14,180,14
2020/4/18,47,64,8,63,10
2020/4/18,48,10,2,24,0
2020/4/18,49,406,76,612,146
2020/4/18,05,76,18,170,12
2020/4/18,50,143,30,136,60
2020/4/18,51,682,96,1089,348
2020/4/18,52,168,46,218,96
2020/4/18,53,182,22,112,52
2020/4/18,54,874,231,1088,438
2020/4/18,55,303,36,458,132
2020/4/18,56,232,52,459,144
2020/4/18,57,2043,300,2229,1116
2020/4/18,58,120,22,56,28
2020/4/18,59,1837,467,1907,707
2020/4/18,06,541,106,647,192
2020/4/18,60,983,129,1087,521
2020/4/18,61,134,26,254,46
2020/4/18,62,946,163,1049,296
2020/4/18,63,140,44,190,48
2020/4/18,64,158,26,248,40
2020/4/18,65,152,8,135,28
2020/4/18,66,64,28,472,48
2020/4/18,67,2011,411,2616,845
2020/4/18,68,1940,252,3049,1259
2020/4/18,69,2427,454,2683,770
2020/4/18,07,216,44,423,93
2020/4/18,70,191,34,259,116
2020/4/18,71,404,58,630,232
2020/4/18,72,281,34,360,72
2020/4/18,73,176,36,507,64
2020/4/18,74,552,107,977,210
2020/4/18,75,6001,1366,5829,2310
2020/4/18,76,561,155,782,228
2020/4/18,77,1530,349,2482,702
2020/4/18,78,1755,278,2203,665
2020/4/18,79,70,10,60,24
2020/4/18,08,135,32,185,64
2020/4/18,80,703,108,715,289
2020/4/18,81,89,30,116,30
2020/4/18,82,28,16,52,6
2020/4/18,83,606,90,903,165
2020/4/18,84,128,34,282,48
2020/4/18,85,136,28,208,48
2020/4/18,86,101,35,142,49
2020/4/18,87,118,22,135,32
2020/4/18,88,537,52,654,382
2020/4/18,89,180,38,225,74
2020/4/18,09,26,4,37,4
2020/4/18,90,361,58,612,260
2020/4/18,91,2332,359,1643,608
2020/4/18,92,3898,777,3998,1320
2020/4/18,93,3126,438,3074,1354
2020/4/18,94,4412,671,3090,1428
2020/4/18,95,1809,325,2694,898
2020/4/19,01,340,47,360,119
2020/4/19,10,535,54,487,151
2020/4/19,11,140,18,252,84
2020/4/19,12,128,8,142,38
2020/4/19,13,2087,433,3324,499
2020/4/19,14,289,72,266,100
2020/4/19,15,54,12,40,0
2020/4/19,16,25,5,68,18
2020/4/19,17,168,38,142,58
2020/4/19,18,165,8,98,84
2020/4/19,19,131,21,94,40
2020/4/19,02,548,82,710,336
2020/4/19,21,732,132,995,330
2020/4/19,22,130,14,180,46
2020/4/19,23,64,24,24,10
2020/4/19,24,107,12,72,12
2020/4/19,25,376,104,676,187
2020/4/19,26,346,94,578,202
2020/4/19,27,191,12,137,100
2020/4/19,28,505,45,456,125
2020/4/19,29,202,52,209,59
2020/4/19,03,113,36,179,44
2020/4/19,30,236,74,272,62
2020/4/19,31,386,179,708,72
2020/4/19,32,90,6,46,22
2020/4/19,33,586,176,985,176
2020/4/19,34,343,97,923,180
2020/4/19,35,350,54,418,118
2020/4/19,36,194,18,76,88
2020/4/19,37,335,83,311,98
2020/4/19,38,487,70,590,136
2020/4/19,39,270,27,194,74
2020/4/19,04,75,6,156,12
2020/4/19,40,60,12,70,20
2020/4/19,41,218,34,156,62
2020/4/19,42,955,190,898,280
2020/4/19,43,72,6,124,12
2020/4/19,44,566,90,587,189
2020/4/19,45,510,148,624,110
2020/4/19,46,46,14,184,16
2020/4/19,47,66,8,65,10
2020/4/19,48,10,2,24,0
2020/4/19,49,400,76,620,150
2020/4/19,05,76,18,170,12
2020/4/19,50,153,32,136,60
2020/4/19,51,698,98,1093,348
2020/4/19,52,172,46,220,98
2020/4/19,53,182,20,114,52
2020/4/19,54,871,219,1101,448
2020/4/19,55,309,36,462,136
2020/4/19,56,236,50,468,146
2020/4/19,57,2007,296,2267,1134
2020/4/19,58,118,22,56,30
2020/4/19,59,1847,461,1941,718
2020/4/19,06,547,104,647,194
2020/4/19,60,1009,128,1109,529
2020/4/19,61,140,26,254,48
2020/4/19,62,942,163,1071,302
2020/4/19,63,134,44,194,50
2020/4/19,64,156,26,250,40
2020/4/19,65,154,8,137,28
2020/4/19,66,66,30,472,48
2020/4/19,67,2007,410,2644,855
2020/4/19,68,1910,238,3111,1263
2020/4/19,69,2483,454,2703,786
2020/4/19,07,218,44,423,93
2020/4/19,70,191,34,259,116
2020/4/19,71,404,60,646,240
2020/4/19,72,281,28,362,76
2020/4/19,73,180,34,515,64
2020/4/19,74,560,107,983,220
2020/4/19,75,5852,1319,6010,2376
2020/4/19,76,552,155,811,236
2020/4/19,77,1541,339,2532,724
2020/4/19,78,1779,276,2221,665
2020/4/19,79,68,10,60,26
2020/4/19,08,133,32,189,70
2020/4/19,80,709,108,723,295
2020/4/19,81,89,30,116,30
2020/4/19,82,30,18,52,6
2020/4/19,83,614,92,911,167
2020/4/19,84,132,34,282,48
2020/4/19,85,136,28,210,48
2020/4/19,86,101,35,142,49
2020/4/19,87,114,22,139,34
2020/4/19,88,535,50,660,406
2020/4/19,89,188,38,227,76
2020/4/19,09,24,4,39,4
2020/4/19,90,365,58,613,260
2020/4/19,91,2366,357,1651,622
2020/4/19,92,3952,779,4036,1332
2020/4/19,93,3119,440,3154,1378
2020/4/19,94,4404,665,3110,1448
2020/4/19,95,1815,311,2718,924
2020/4/2,01,207,65,120,28
2020/4/2,10,207,34,47,40
2020/4/2,11,202,38,104,42
2020/4/2,12,104,22,48,14
2020/4/2,13,1870,432,1191,130
2020/4/2,14,251,92,58,18
2020/4/2,15,42,14,6,0
2020/4/2,16,37,15,34,9
2020/4/2,17,132,50,63,22
2020/4/2,18,76,28,14,28
2020/4/2,19,76,16,22,8
2020/4/2,02,371,76,295,133
2020/4/2,21,404,112,543,126
2020/4/2,22,118,32,32,18
2020/4/2,23,22,10,4,0
2020/4/2,24,30,8,22,2
2020/4/2,25,370,123,260,70
2020/4/2,26,456,122,184,88
2020/4/2,27,107,20,37,20
2020/4/2,28,288,61,102,36
2020/4/2,29,132,54,95,14
2020/4/2,03,70,27,108,12
2020/4/2,30,148,60,68,22
2020/4/2,31,428,190,250,26
2020/4/2,32,54,10,12,6
2020/4/2,33,596,172,527,66
2020/4/2,34,490,156,372,78
2020/4/2,35,256,76,136,24
2020/4/2,36,98,14,14,34
2020/4/2,37,275,85,80,24
2020/4/2,38,395,116,192,32
2020/4/2,39,110,20,58,8
2020/4/2,04,49,10,90,6
2020/4/2,40,33,11,20,2
2020/4/2,41,146,28,36,14
2020/4/2,42,865,188,240,124
2020/4/2,43,34,10,40,6
2020/4/2,44,407,104,182,76
2020/4/2,45,390,126,108,32
2020/4/2,46,26,12,28,0
2020/4/2,47,60,14,16,6
2020/4/2,48,18,2,16,0
2020/4/2,49,286,79,292,46
2020/4/2,05,118,32,74,2
2020/4/2,50,113,42,45,19
2020/4/2,51,725,130,426,116
2020/4/2,52,132,24,46,16
2020/4/2,53,120,20,28,16
2020/4/2,54,905,326,302,170
2020/4/2,55,304,42,186,46
2020/4/2,56,276,60,190,70
2020/4/2,57,2051,349,718,483
2020/4/2,58,30,14,4,8
2020/4/2,59,1400,477,513,202
2020/4/2,06,360,119,279,64
2020/4/2,60,707,145,430,252
2020/4/2,61,116,16,84,14
2020/4/2,62,579,198,256,54
2020/4/2,63,148,66,58,6
2020/4/2,64,148,58,97,24
2020/4/2,65,82,12,32,6
2020/4/2,66,224,68,208,32
2020/4/2,67,2066,544,882,448
2020/4/2,68,2201,319,1523,834
2020/4/2,69,2268,525,877,340
2020/4/2,07,148,22,229,43
2020/4/2,70,154,30,119,56
2020/4/2,71,338,70,321,106
2020/4/2,72,211,44,116,32
2020/4/2,73,227,72,214,28
2020/4/2,74,504,162,432,92
2020/4/2,75,5647,1560,1900,908
2020/4/2,76,670,200,221,88
2020/4/2,77,1234,339,613,190
2020/4/2,78,1668,360,785,273
2020/4/2,79,58,12,28,10
2020/4/2,08,131,33,20,2
2020/4/2,80,583,138,215,98
2020/4/2,81,118,48,34,6
2020/4/2,82,24,12,6,4
2020/4/2,83,395,100,390,56
2020/4/2,84,164,44,102,24
2020/4/2,85,114,34,58,14
2020/4/2,86,88,40,60,30
2020/4/2,87,128,34,39,12
2020/4/2,88,530,86,281,197
2020/4/2,89,193,38,30,18
2020/4/2,09,34,12,16,2
2020/4/2,90,432,92,242,150
2020/4/2,91,1508,363,392,159
2020/4/2,92,3478,717,1216,420
2020/4/2,93,2408,439,795,414
2020/4/2,94,2925,500,998,419
2020/4/2,95,1582,308,1051,348
2020/4/20,01,337,43,366,123
2020/4/20,10,510,54,525,163
2020/4/20,11,130,16,254,86
2020/4/20,12,134,8,144,38
2020/4/20,13,2093,453,3417,535
2020/4/20,14,287,70,268,102
2020/4/20,15,56,14,40,0
2020/4/20,16,23,5,68,20
2020/4/20,17,166,38,144,64
2020/4/20,18,166,8,98,85
2020/4/20,19,139,25,100,42
2020/4/20,02,607,94,848,348
2020/4/20,21,732,130,1007,342
2020/4/20,22,125,14,188,48
2020/4/20,23,62,22,24,10
2020/4/20,24,121,12,78,12
2020/4/20,25,382,104,678,189
2020/4/20,26,346,92,578,210
2020/4/20,27,181,10,149,112
2020/4/20,28,480,47,478,131
2020/4/20,29,194,50,215,61
2020/4/20,03,123,36,179,44
2020/4/20,30,272,76,284,68
2020/4/20,31,394,173,712,74
2020/4/20,32,104,10,48,22
2020/4/20,33,596,168,1003,184
2020/4/20,34,319,91,943,188
2020/4/20,35,346,50,422,120
2020/4/20,36,196,18,78,92
2020/4/20,37,329,83,323,102
2020/4/20,38,471,72,614,148
2020/4/20,39,270,23,196,74
2020/4/20,04,87,4,159,12
2020/4/20,40,56,12,72,20
2020/4/20,41,228,38,170,70
2020/4/20,42,943,196,908,290
2020/4/20,43,72,6,124,12
2020/4/20,44,554,88,597,195
2020/4/20,45,508,146,632,114
2020/4/20,46,48,16,210,22
2020/4/20,47,66,8,65,10
2020/4/20,48,10,2,24,0
2020/4/20,49,405,82,625,152
2020/4/20,05,76,20,170,12
2020/4/20,50,159,36,138,64
2020/4/20,51,678,98,1123,364
2020/4/20,52,174,46,220,98
2020/4/20,53,180,20,116,54
2020/4/20,54,867,221,1123,454
2020/4/20,55,307,34,472,142
2020/4/20,56,239,50,472,148
2020/4/20,57,2007,286,2311,1154
2020/4/20,58,116,20,56,36
2020/4/20,59,1906,456,1975,731
2020/4/20,06,541,95,675,212
2020/4/20,60,985,120,1135,555
2020/4/20,61,132,26,264,50
2020/4/20,62,946,171,1095,310
2020/4/20,63,138,44,194,54
2020/4/20,64,158,26,252,40
2020/4/20,65,166,8,139,32
2020/4/20,66,62,26,474,50
2020/4/20,67,2032,414,2666,867
2020/4/20,68,1946,244,3131,1273
2020/4/20,69,2455,462,2761,822
2020/4/20,07,202,44,441,97
2020/4/20,70,179,38,285,120
2020/4/20,71,418,60,650,246
2020/4/20,72,271,28,362,82
2020/4/20,73,174,36,517,72
2020/4/20,74,531,99,1007,236
2020/4/20,75,5840,1281,6113,2468
2020/4/20,76,560,143,817,238
2020/4/20,77,1497,313,2618,759
2020/4/20,78,1792,270,2265,711
2020/4/20,79,66,10,60,26
2020/4/20,08,131,32,189,80
2020/4/20,80,691,104,741,301
2020/4/20,81,81,22,120,34
2020/4/20,82,32,16,54,6
2020/4/20,83,622,96,915,173
2020/4/20,84,128,32,286,50
2020/4/20,85,132,28,212,52
2020/4/20,86,117,33,144,49
2020/4/20,87,102,20,147,40
2020/4/20,88,489,46,720,418
2020/4/20,89,186,40,233,82
2020/4/20,09,25,2,40,4
2020/4/20,90,375,58,614,264
2020/4/20,91,2380,367,1679,642
2020/4/20,92,3947,765,4170,1394
2020/4/20,93,3107,439,3283,1402
2020/4/20,94,4408,666,3198,1512
2020/4/20,95,1848,295,2764,952
2020/4/21,01,335,46,386,127
2020/4/21,10,494,35,545,169
2020/4/21,11,138,18,266,86
2020/4/21,12,130,6,146,40
2020/4/21,13,2104,419,3573,575
2020/4/21,14,289,66,284,104
2020/4/21,15,60,14,40,2
2020/4/21,16,23,5,68,20
2020/4/21,17,166,34,150,64
2020/4/21,18,182,8,106,85
2020/4/21,19,143,23,104,44
2020/4/21,02,590,80,1028,363
2020/4/21,21,730,126,1031,356
2020/4/21,22,115,12,202,48
2020/4/21,23,58,20,28,10
2020/4/21,24,111,12,78,12
2020/4/21,25,389,102,693,197
2020/4/21,26,324,90,614,216
2020/4/21,27,203,8,151,116
2020/4/21,28,470,45,500,139
2020/4/21,29,172,50,225,61
2020/4/21,03,111,36,197,44
2020/4/21,30,294,74,286,72
2020/4/21,31,377,156,747,74
2020/4/21,32,100,10,54,26
2020/4/21,33,571,158,1043,192
2020/4/21,34,300,83,963,192
2020/4/21,35,340,48,440,126
2020/4/21,36,221,16,89,100
2020/4/21,37,335,81,335,102
2020/4/21,38,443,62,676,162
2020/4/21,39,242,17,224,78
2020/4/21,04,79,4,167,14
2020/4/21,40,58,12,74,20
2020/4/21,41,222,34,180,72
2020/4/21,42,923,190,960,302
2020/4/21,43,74,4,124,14
2020/4/21,44,552,84,619,201
2020/4/21,45,498,126,662,116
2020/4/21,46,52,18,216,26
2020/4/21,47,70,8,65,10
2020/4/21,48,10,2,24,0
2020/4/21,49,384,74,646,156
2020/4/21,05,82,18,174,12
2020/4/21,50,147,36,154,64
2020/4/21,51,679,92,1178,370
2020/4/21,52,160,44,232,102
2020/4/21,53,180,20,122,54
2020/4/21,54,867,225,1139,466
2020/4/21,55,289,30,492,148
2020/4/21,56,240,44,486,150
2020/4/21,57,1971,280,2391,1168
2020/4/21,58,116,18,58,38
2020/4/21,59,1857,434,2113,757
2020/4/21,06,527,91,703,214
2020/4/21,60,970,116,1189,565
2020/4/21,61,125,26,278,50
2020/4/21,62,943,169,1235,328
2020/4/21,63,132,44,204,54
2020/4/21,64,158,26,252,40
2020/4/21,65,154,8,149,34
2020/4/21,66,58,26,484,50
2020/4/21,67,2045,404,2764,897
2020/4/21,68,1935,232,3152,1279
2020/4/21,69,2422,438,2871,852
2020/4/21,07,204,50,451,99
2020/4/21,70,181,36,291,120
2020/4/21,71,414,60,690,270
2020/4/21,72,267,26,362,84
2020/4/21,73,172,26,535,76
2020/4/21,74,519,95,1041,242
2020/4/21,75,5680,1224,6391,2536
2020/4/21,76,527,138,859,248
2020/4/21,77,1448,301,2734,793
2020/4/21,78,1770,270,2345,740
2020/4/21,79,62,10,64,28
2020/4/21,08,129,32,193,82
2020/4/21,80,657,96,791,303
2020/4/21,81,78,22,123,34
2020/4/21,82,32,16,54,6
2020/4/21,83,613,100,939,179
2020/4/21,84,134,28,288,52
2020/4/21,85,130,26,224,56
2020/4/21,86,117,33,146,49
2020/4/21,87,104,20,153,42
2020/4/21,88,481,44,756,430
2020/4/21,89,208,40,241,82
2020/4/21,09,23,2,42,4
2020/4/21,90,349,56,644,268
2020/4/21,91,2349,357,1781,679
2020/4/21,92,3826,727,4435,1428
2020/4/21,93,3102,420,3413,1428
2020/4/21,94,4407,645,3363,1571
2020/4/21,95,1822,285,2856,968
2020/4/22,01,330,38,416,135
2020/4/22,10,503,35,599,179
2020/4/22,11,134,18,270,88
2020/4/22,12,124,6,158,40
2020/4/22,13,2110,405,3727,636
2020/4/22,14,283,60,292,104
2020/4/22,15,56,12,44,2
2020/4/22,16,19,3,72,20
2020/4/22,17,160,32,150,66
2020/4/22,18,168,8,122,93
2020/4/22,19,143,19,106,44
2020/4/22,02,558,80,1106,373
2020/4/22,21,721,126,1054,358
2020/4/22,22,115,12,208,48
2020/4/22,23,54,16,32,10
2020/4/22,24,107,12,80,12
2020/4/22,25,393,108,713,197
2020/4/22,26,300,86,680,216
2020/4/22,27,201,8,153,118
2020/4/22,28,474,43,514,149
2020/4/22,29,164,44,237,61
2020/4/22,03,109,36,205,45
2020/4/22,30,302,74,286,74
2020/4/22,31,355,142,781,78
2020/4/22,32,104,12,54,26
2020/4/22,33,558,154,1079,192
2020/4/22,34,288,77,979,192
2020/4/22,35,339,48,459,126
2020/4/22,36,221,16,99,112
2020/4/22,37,335,75,335,106
2020/4/22,38,447,66,698,168
2020/4/22,39,228,21,248,80
2020/4/22,04,62,4,181,14
2020/4/22,40,56,6,76,20
2020/4/22,41,226,30,194,72
2020/4/22,42,887,174,996,322
2020/4/22,43,76,2,124,14
2020/4/22,44,530,74,655,209
2020/4/22,45,510,128,676,122
2020/4/22,46,52,18,220,28
2020/4/22,47,72,6,65,10
2020/4/22,48,8,2,26,0
2020/4/22,49,374,68,666,164
2020/4/22,05,82,18,176,12
2020/4/22,50,122,28,167,68
2020/4/22,51,675,96,1216,378
2020/4/22,52,158,46,244,102
2020/4/22,53,184,20,130,54
2020/4/22,54,859,209,1155,473
2020/4/22,55,289,28,496,154
2020/4/22,56,238,42,498,150
2020/4/22,57,1983,274,2474,1184
2020/4/22,58,110,14,62,42
2020/4/22,59,1858,413,2170,775
2020/4/22,06,541,92,729,218
2020/4/22,60,918,108,1259,583
2020/4/22,61,123,26,282,54
2020/4/22,62,914,154,1285,338
2020/4/22,63,118,36,214,60
2020/4/22,64,154,24,260,40
2020/4/22,65,152,8,153,36
2020/4/22,66,52,24,492,50
2020/4/22,67,1977,388,2872,921
2020/4/22,68,1885,234,3250,1287
2020/4/22,69,2403,414,2983,864
2020/4/22,07,200,48,461,101
2020/4/22,70,181,34,295,124
2020/4/22,71,454,58,730,274
2020/4/22,72,277,26,362,86
2020/4/22,73,166,26,543,78
2020/4/22,74,513,87,1063,244
2020/4/22,75,5537,1175,6641,2566
2020/4/22,76,512,144,891,252
2020/4/22,77,1432,296,2817,833
2020/4/22,78,1774,260,2411,754
2020/4/22,79,58,6,70,28
2020/4/22,08,118,26,206,84
2020/4/22,80,654,96,829,317
2020/4/22,81,80,24,125,34
2020/4/22,82,32,14,54,6
2020/4/22,83,647,99,943,185
2020/4/22,84,134,26,290,52
2020/4/22,85,122,26,236,56
2020/4/22,86,109,21,152,49
2020/4/22,87,106,20,157,42
2020/4/22,88,487,42,770,436
2020/4/22,89,238,52,267,86
2020/4/22,09,23,2,42,4
2020/4/22,90,335,52,656,280
2020/4/22,91,2349,361,1829,697
2020/4/22,92,3814,697,4551,1473
2020/4/22,93,3145,420,3564,1463
2020/4/22,94,4177,604,3714,1617
2020/4/22,95,1909,277,2920,988
2020/4/23,01,325,40,434,143
2020/4/23,10,521,33,627,189
2020/4/23,11,122,18,280,90
2020/4/23,12,118,4,170,40
2020/4/23,13,2094,387,3834,654
2020/4/23,14,276,56,299,106
2020/4/23,15,50,10,46,6
2020/4/23,16,19,3,72,20
2020/4/23,17,160,30,158,68
2020/4/23,18,165,8,128,95
2020/4/23,19,145,19,108,44
2020/4/23,02,562,80,1146,375
2020/4/23,21,679,112,1094,378
2020/4/23,22,107,12,228,48
2020/4/23,23,58,20,32,10
2020/4/23,24,90,10,80,17
2020/4/23,25,353,99,750,210
2020/4/23,26,286,72,694,220
2020/4/23,27,219,22,161,124
2020/4/23,28,470,47,545,155
2020/4/23,29,158,40,241,67
2020/4/23,03,107,32,213,45
2020/4/23,30,262,58,324,86
2020/4/23,31,342,140,803,80
2020/4/23,32,98,10,60,32
2020/4/23,33,532,150,1141,200
2020/4/23,34,271,81,996,194
2020/4/23,35,339,42,469,132
2020/4/23,36,219,16,109,114
2020/4/23,37,323,73,349,108
2020/4/23,38,445,72,728,178
2020/4/23,39,214,20,270,86
2020/4/23,04,58,4,189,14
2020/4/23,40,54,8,80,20
2020/4/23,41,230,26,200,72
2020/4/23,42,885,168,1026,332
2020/4/23,43,72,2,130,18
2020/4/23,44,534,72,669,211
2020/4/23,45,510,114,700,122
2020/4/23,46,48,16,226,28
2020/4/23,47,72,6,65,10
2020/4/23,48,8,2,26,0
2020/4/23,49,378,64,688,170
2020/4/23,05,82,16,178,12
2020/4/23,50,106,26,185,70
2020/4/23,51,661,92,1242,388
2020/4/23,52,152,46,248,104
2020/4/23,53,182,20,134,54
2020/4/23,54,879,212,1181,480
2020/4/23,55,266,30,500,156
2020/4/23,56,251,42,506,150
2020/4/23,57,1956,280,2592,1200
2020/4/23,58,102,14,76,42
2020/4/23,59,1848,419,2242,787
2020/4/23,06,528,92,754,220
2020/4/23,60,924,108,1293,595
2020/4/23,61,129,26,284,54
2020/4/23,62,874,138,1381,378
2020/4/23,63,102,36,232,60
2020/4/23,64,142,20,276,40
2020/4/23,65,147,8,161,36
2020/4/23,66,52,24,492,54
2020/4/23,67,1856,372,3029,941
2020/4/23,68,1905,232,3304,1293
2020/4/23,69,2391,376,3059,878
2020/4/23,07,191,46,478,105
2020/4/23,70,191,34,295,126
2020/4/23,71,460,54,738,282
2020/4/23,72,282,30,378,88
2020/4/23,73,160,24,567,80
2020/4/23,74,481,81,1095,252
2020/4/23,75,5379,1125,6844,2608
2020/4/23,76,491,132,923,258
2020/4/23,77,1381,298,2927,851
2020/4/23,78,1705,248,2489,770
2020/4/23,79,54,6,74,28
2020/4/23,08,119,26,206,84
2020/4/23,80,644,94,861,321
2020/4/23,81,78,18,127,34
2020/4/23,82,28,12,58,6
2020/4/23,83,648,98,975,193
2020/4/23,84,136,26,294,52
2020/4/23,85,112,24,250,58
2020/4/23,86,105,21,152,53
2020/4/23,87,104,16,159,42
2020/4/23,88,479,46,786,440
2020/4/23,89,234,54,277,98
2020/4/23,09,25,2,42,4
2020/4/23,90,327,46,664,282
2020/4/23,91,2281,347,1955,722
2020/4/23,92,3855,703,4673,1510
2020/4/23,93,3138,421,3698,1497
2020/4/23,94,4125,590,3896,1637
2020/4/23,95,1914,263,2992,1014
2020/4/3,01,197,61,144,34
2020/4/3,10,219,34,49,42
2020/4/3,11,198,38,110,48
2020/4/3,12,120,22,52,16
2020/4/3,13,2026,471,1321,156
2020/4/3,14,261,94,74,22
2020/4/3,15,48,14,6,0
2020/4/3,16,35,13,42,10
2020/4/3,17,148,50,64,22
2020/4/3,18,86,26,20,28
2020/4/3,19,84,16,28,8
2020/4/3,02,419,78,323,169
2020/4/3,21,424,124,577,134
2020/4/3,22,129,34,40,18
2020/4/3,23,22,10,4,0
2020/4/3,24,40,10,22,2
2020/4/3,25,344,143,302,86
2020/4/3,26,498,132,210,104
2020/4/3,27,125,24,43,22
2020/4/3,28,298,55,124,42
2020/4/3,29,148,64,109,14
2020/4/3,03,78,25,108,14
2020/4/3,30,140,60,76,26
2020/4/3,31,452,194,272,26
2020/4/3,32,54,10,12,10
2020/4/3,33,622,174,561,72
2020/4/3,34,528,160,402,86
2020/4/3,35,258,72,144,32
2020/4/3,36,94,18,14,34
2020/4/3,37,295,91,94,32
2020/4/3,38,401,124,216,42
2020/4/3,39,120,22,72,20
2020/4/3,04,57,12,90,6
2020/4/3,40,34,14,24,2
2020/4/3,41,134,26,64,20
2020/4/3,42,894,194,305,138
2020/4/3,43,40,10,46,6
2020/4/3,44,431,120,218,86
2020/4/3,45,433,145,130,40
2020/4/3,46,38,8,34,0
2020/4/3,47,58,14,22,6
2020/4/3,48,18,2,16,0
2020/4/3,49,303,105,326,54
2020/4/3,05,128,32,74,2
2020/4/3,50,117,41,53,19
2020/4/3,51,706,136,470,133
2020/4/3,52,164,30,68,36
2020/4/3,53,132,24,28,18
2020/4/3,54,970,352,371,191
2020/4/3,55,306,40,210,50
2020/4/3,56,286,58,196,74
2020/4/3,57,2043,335,858,563
2020/4/3,58,42,14,4,10
2020/4/3,59,1451,494,601,246
2020/4/3,06,401,126,295,70
2020/4/3,60,710,143,486,282
2020/4/3,61,118,18,90,16
2020/4/3,62,686,232,313,68
2020/4/3,63,142,62,70,8
2020/4/3,64,154,60,108,26
2020/4/3,65,80,12,38,6
2020/4/3,66,206,68,244,32
2020/4/3,67,2119,566,1054,504
2020/4/3,68,2191,323,1637,880
2020/4/3,69,2397,549,989,362
2020/4/3,07,173,28,238,45
2020/4/3,70,162,28,125,60
2020/4/3,71,326,72,333,120
2020/4/3,72,218,50,140,36
2020/4/3,73,216,72,236,30
2020/4/3,74,548,168,455,104
2020/4/3,75,5763,1564,2172,1021
2020/4/3,76,676,216,253,106
2020/4/3,77,1384,366,701,214
2020/4/3,78,1709,369,869,308
2020/4/3,79,56,14,34,12
2020/4/3,08,133,33,26,4
2020/4/3,80,657,144,239,110
2020/4/3,81,120,46,36,6
2020/4/3,82,28,12,6,4
2020/4/3,83,394,102,430,60
2020/4/3,84,156,46,120,26
2020/4/3,85,130,38,62,24
2020/4/3,86,94,40,64,30
2020/4/3,87,122,34,49,14
2020/4/3,88,505,80,319,214
2020/4/3,89,201,40,50,20
2020/4/3,09,32,12,16,2
2020/4/3,90,434,86,262,156
2020/4/3,91,1654,367,454,183
2020/4/3,92,3678,759,1402,472
2020/4/3,93,2525,443,901,478
2020/4/3,94,3193,564,1139,492
2020/4/3,95,1631,301,1167,400
2020/4/4,01,215,63,162,44
2020/4/4,10,281,44,53,62
2020/4/4,11,201,39,114,48
2020/4/4,12,116,22,62,20
2020/4/4,13,2061,484,1439,177
2020/4/4,14,259,102,100,26
2020/4/4,15,50,14,6,0
2020/4/4,16,33,13,44,10
2020/4/4,17,158,50,72,22
2020/4/4,18,94,32,22,30
2020/4/4,19,86,14,30,14
2020/4/4,02,445,80,358,187
2020/4/4,21,510,132,591,138
2020/4/4,22,124,34,50,20
2020/4/4,23,24,10,6,2
2020/4/4,24,50,12,26,2
2020/4/4,25,348,151,336,92
2020/4/4,26,506,136,238,110
2020/4/4,27,137,24,43,24
2020/4/4,28,319,55,147,48
2020/4/4,29,158,66,111,16
2020/4/4,03,86,24,112,14
2020/4/4,30,132,58,82,28
2020/4/4,31,453,209,300,28
2020/4/4,32,54,10,14,14
2020/4/4,33,610,184,607,80
2020/4/4,34,504,154,432,102
2020/4/4,35,262,76,164,34
2020/4/4,36,112,22,18,34
2020/4/4,37,339,109,110,34
2020/4/4,38,405,124,248,46
2020/4/4,39,140,22,78,26
2020/4/4,04,57,10,90,6
2020/4/4,40,44,24,24,2
2020/4/4,41,134,28,68,24
2020/4/4,42,928,204,327,140
2020/4/4,43,46,12,50,6
2020/4/4,44,487,126,241,90
2020/4/4,45,453,139,172,42
2020/4/4,46,34,8,38,0
2020/4/4,47,56,14,24,6
2020/4/4,48,16,2,18,0
2020/4/4,49,313,109,332,58
2020/4/4,05,120,34,84,2
2020/4/4,50,129,41,57,21
2020/4/4,51,763,142,502,139
2020/4/4,52,198,32,88,46
2020/4/4,53,150,28,28,22
2020/4/4,54,965,348,411,203
2020/4/4,55,316,42,230,54
2020/4/4,56,272,48,220,80
2020/4/4,57,2047,333,940,623
2020/4/4,58,54,16,10,10
2020/4/4,59,1540,514,678,267
2020/4/4,06,428,149,330,76
2020/4/4,60,686,141,540,297
2020/4/4,61,126,26,100,16
2020/4/4,62,726,244,355,84
2020/4/4,63,138,66,92,8
2020/4/4,64,160,58,130,26
2020/4/4,65,86,10,44,10
2020/4/4,66,214,72,250,34
2020/4/4,67,2099,554,1168,524
2020/4/4,68,2042,298,1779,914
2020/4/4,69,2423,577,1109,390
2020/4/4,07,157,26,244,49
2020/4/4,70,160,32,137,66
2020/4/4,71,324,74,333,126
2020/4/4,72,210,46,156,36
2020/4/4,73,226,72,240,30
2020/4/4,74,525,170,500,110
2020/4/4,75,5963,1616,2411,1091
2020/4/4,76,700,224,289,110
2020/4/4,77,1339,354,839,242
2020/4/4,78,1818,377,905,335
2020/4/4,79,52,18,36,16
2020/4/4,08,135,35,40,6
2020/4/4,80,660,140,272,138
2020/4/4,81,122,46,38,6
2020/4/4,82,28,14,6,4
2020/4/4,83,434,106,450,64
2020/4/4,84,156,46,128,28
2020/4/4,85,136,40,76,30
2020/4/4,86,90,40,68,32
2020/4/4,87,134,40,51,14
2020/4/4,88,494,80,365,228
2020/4/4,89,203,38,62,22
2020/4/4,09,30,10,20,2
2020/4/4,90,408,82,310,166
2020/4/4,91,1811,381,502,211
2020/4/4,92,3841,775,1526,534
2020/4/4,93,2610,451,1003,524
2020/4/4,94,3269,578,1275,555
2020/4/4,95,1655,319,1267,426
2020/4/5,01,221,59,168,48
2020/4/5,10,295,46,53,68
2020/4/5,11,190,36,126,54
2020/4/5,12,112,18,68,24
2020/4/5,13,2170,502,1475,189
2020/4/5,14,283,108,102,32
2020/4/5,15,52,14,6,0
2020/4/5,16,33,11,46,10
2020/4/5,17,158,50,78,26
2020/4/5,18,98,32,24,38
2020/4/5,19,83,14,32,14
2020/4/5,02,441,78,362,199
2020/4/5,21,518,130,611,146
2020/4/5,22,140,32,50,20
2020/4/5,23,24,10,6,2
2020/4/5,24,52,12,28,2
2020/4/5,25,364,145,354,97
2020/4/5,26,500,128,250,114
2020/4/5,27,135,24,43,26
2020/4/5,28,342,61,153,50
2020/4/5,29,164,68,117,18
2020/4/5,03,88,32,118,16
2020/4/5,30,178,72,84,28
2020/4/5,31,451,203,312,30
2020/4/5,32,58,10,14,14
2020/4/5,33,610,180,633,84
2020/4/5,34,512,142,458,104
2020/4/5,35,272,76,166,34
2020/4/5,36,129,20,18,36
2020/4/5,37,331,105,128,36
2020/4/5,38,441,130,256,50
2020/4/5,39,156,22,84,28
2020/4/5,04,61,14,90,6
2020/4/5,40,44,24,26,2
2020/4/5,41,132,28,72,24
2020/4/5,42,930,202,351,148
2020/4/5,43,50,12,54,6
2020/4/5,44,499,134,265,90
2020/4/5,45,459,139,196,46
2020/4/5,46,30,10,44,0
2020/4/5,47,62,14,24,6
2020/4/5,48,16,2,18,0
2020/4/5,49,321,109,342,66
2020/4/5,05,118,34,90,2
2020/4/5,50,147,47,57,25
2020/4/5,51,777,142,502,139
2020/4/5,52,198,36,92,50
2020/4/5,53,148,28,34,22
2020/4/5,54,947,342,441,217
2020/4/5,55,312,42,236,56
2020/4/5,56,269,47,226,90
2020/4/5,57,2027,335,1028,673
2020/4/5,58,68,22,12,10
2020/4/5,59,1649,530,706,291
2020/4/5,06,432,151,338,86
2020/4/5,60,712,145,552,301
2020/4/5,61,134,28,102,18
2020/4/5,62,725,244,375,92
2020/4/5,63,160,82,92,12
2020/4/5,64,154,58,136,28
2020/4/5,65,104,14,48,14
2020/4/5,66,204,62,268,34
2020/4/5,67,2139,533,1233,554
2020/4/5,68,2036,299,1864,938
2020/4/5,69,2493,605,1160,422
2020/4/5,07,169,26,250,49
2020/4/5,70,160,34,139,74
2020/4/5,71,346,74,339,130
2020/4/5,72,216,48,164,38
2020/4/5,73,234,70,242,30
2020/4/5,74,583,188,514,112
2020/4/5,75,6113,1674,2605,1180
2020/4/5,76,716,226,309,120
2020/4/5,77,1410,372,869,252
2020/4/5,78,1809,369,937,349
2020/4/5,79,58,18,36,16
2020/4/5,08,145,35,46,8
2020/4/5,80,694,146,305,154
2020/4/5,81,122,48,42,8
2020/4/5,82,32,14,12,4
2020/4/5,83,476,116,460,72
2020/4/5,84,160,48,132,32
2020/4/5,85,148,42,76,30
2020/4/5,86,112,54,72,34
2020/4/5,87,132,40,55,16
2020/4/5,88,534,76,387,234
2020/4/5,89,201,36,62,24
2020/4/5,09,34,10,20,2
2020/4/5,90,424,86,320,172
2020/4/5,91,1849,391,548,229
2020/4/5,92,3881,822,1669,584
2020/4/5,93,2666,453,1031,568
2020/4/5,94,3422,577,1319,599
2020/4/5,95,1665,331,1319,436
2020/4/6,01,227,59,180,50
2020/4/6,10,301,46,53,70
2020/4/6,11,152,30,134,62
2020/4/6,12,118,18,70,24
2020/4/6,13,2320,508,1565,239
2020/4/6,14,291,118,116,46
2020/4/6,15,56,14,6,0
2020/4/6,16,29,11,48,12
2020/4/6,17,162,52,82,30
2020/4/6,18,110,30,28,44
2020/4/6,19,87,15,34,18
2020/4/6,02,445,72,372,211
2020/4/6,21,568,152,619,152
2020/4/6,22,150,34,58,22
2020/4/6,23,22,10,8,6
2020/4/6,24,56,12,30,2
2020/4/6,25,362,147,367,101
2020/4/6,26,518,140,266,126
2020/4/6,27,133,22,45,30
2020/4/6,28,324,59,187,58
2020/4/6,29,186,80,119,18
2020/4/6,03,98,36,122,16
2020/4/6,30,212,82,90,34
2020/4/6,31,469,213,322,34
2020/4/6,32,56,10,16,14
2020/4/6,33,624,182,661,94
2020/4/6,34,529,140,482,108
2020/4/6,35,312,98,176,40
2020/4/6,36,125,20,18,42
2020/4/6,37,361,113,132,39
2020/4/6,38,479,130,274,54
2020/4/6,39,154,20,84,33
2020/4/6,04,69,10,98,8
2020/4/6,40,42,28,40,8
2020/4/6,41,166,28,74,26
2020/4/6,42,970,214,373,154
2020/4/6,43,60,12,58,6
2020/4/6,44,521,138,275,94
2020/4/6,45,486,153,214,50
2020/4/6,46,38,16,56,0
2020/4/6,47,62,14,24,6
2020/4/6,48,16,2,18,0
2020/4/6,49,329,105,352,78
2020/4/6,05,126,34,92,4
2020/4/6,50,136,47,63,29
2020/4/6,51,773,134,538,159
2020/4/6,52,218,36,100,54
2020/4/6,53,152,28,34,22
2020/4/6,54,997,335,475,233
2020/4/6,55,336,46,248,62
2020/4/6,56,294,70,238,96
2020/4/6,57,2012,344,1128,715
2020/4/6,58,72,20,12,12
2020/4/6,59,1733,526,782,329
2020/4/6,06,459,154,355,93
2020/4/6,60,749,143,567,321
2020/4/6,61,130,30,116,18
2020/4/6,62,780,246,401,110
2020/4/6,63,168,78,96,14
2020/4/6,64,170,54,138,28
2020/4/6,65,110,14,50,14
2020/4/6,66,210,64,280,36
2020/4/6,67,2142,531,1297,573
2020/4/6,68,2077,281,1909,1013
2020/4/6,69,2440,588,1250,459
2020/4/6,07,187,29,268,56
2020/4/6,70,158,32,143,88
2020/4/6,71,386,76,361,138
2020/4/6,72,212,48,174,42
2020/4/6,73,234,68,254,36
2020/4/6,74,579,190,534,128
2020/4/6,75,6203,1674,2752,1286
2020/4/6,76,727,227,333,130
2020/4/6,77,1376,376,979,298
2020/4/6,78,1916,367,1025,389
2020/4/6,79,56,18,38,16
2020/4/6,08,145,35,60,12
2020/4/6,80,724,144,309,180
2020/4/6,81,110,48,54,10
2020/4/6,82,36,20,12,6
2020/4/6,83,480,124,492,82
2020/4/6,84,174,44,138,32
2020/4/6,85,154,44,76,32
2020/4/6,86,122,56,74,34
2020/4/6,87,132,40,57,20
2020/4/6,88,536,72,399,250
2020/4/6,89,205,36,74,30
2020/4/6,09,33,8,22,2
2020/4/6,90,442,84,328,178
2020/4/6,91,1873,407,612,277
2020/4/6,92,3937,853,1833,638
2020/4/6,93,2799,465,1137,590
2020/4/6,94,3590,582,1380,694
2020/4/6,95,1698,329,1438,518
2020/4/7,01,235,63,190,54
2020/4/7,10,313,50,59,75
2020/4/7,11,162,34,152,62
2020/4/7,12,110,18,84,26
2020/4/7,13,2132,498,1836,271
2020/4/7,14,301,118,128,52
2020/4/7,15,52,18,12,0
2020/4/7,16,23,9,52,14
2020/4/7,17,178,52,92,38
2020/4/7,18,108,34,42,48
2020/4/7,19,81,15,46,22
2020/4/7,02,509,70,434,228
2020/4/7,21,614,158,645,166
2020/4/7,22,138,26,84,26
2020/4/7,23,26,14,10,6
2020/4/7,24,52,12,40,2
2020/4/7,25,388,159,375,115
2020/4/7,26,486,134,318,128
2020/4/7,27,131,24,51,44
2020/4/7,28,334,57,203,62
2020/4/7,29,188,84,123,18
2020/4/7,03,102,38,130,16
2020/4/7,30,220,86,112,34
2020/4/7,31,459,203,356,38
2020/4/7,32,52,10,26,16
2020/4/7,33,630,180,699,100
2020/4/7,34,506,140,543,114
2020/4/7,35,308,88,208,46
2020/4/7,36,126,20,28,46
2020/4/7,37,361,121,146,42
2020/4/7,38,495,132,290,60
2020/4/7,39,180,22,94,36
2020/4/7,04,57,6,112,8
2020/4/7,40,52,28,48,12
2020/4/7,41,172,28,86,28
2020/4/7,42,952,206,433,176
2020/4/7,43,54,14,66,8
2020/4/7,44,527,128,319,102
2020/4/7,45,494,150,248,54
2020/4/7,46,38,16,66,0
2020/4/7,47,60,14,30,6
2020/4/7,48,12,2,22,0
2020/4/7,49,347,105,392,88
2020/4/7,05,128,34,96,4
2020/4/7,50,129,45,79,33
2020/4/7,51,777,142,622,175
2020/4/7,52,230,34,110,70
2020/4/7,53,142,28,44,24
2020/4/7,54,968,339,561,251
2020/4/7,55,334,46,282,66
2020/4/7,56,288,68,254,104
2020/4/7,57,2031,344,1253,777
2020/4/7,58,68,18,16,14
2020/4/7,59,1768,556,908,363
2020/4/7,06,495,156,379,95
2020/4/7,60,810,141,627,355
2020/4/7,61,136,30,134,22
2020/4/7,62,859,246,443,128
2020/4/7,63,154,78,118,22
2020/4/7,64,162,56,148,28
2020/4/7,65,114,12,58,14
2020/4/7,66,196,70,304,38
2020/4/7,67,2153,527,1419,608
2020/4/7,68,2110,299,2071,1048
2020/4/7,69,2343,545,1484,489
2020/4/7,07,200,35,285,59
2020/4/7,70,168,34,163,90
2020/4/7,71,382,72,383,148
2020/4/7,72,226,46,190,42
2020/4/7,73,245,64,279,38
2020/4/7,74,566,176,587,136
2020/4/7,75,6307,1696,3000,1360
2020/4/7,76,724,232,389,142
2020/4/7,77,1471,381,1089,322
2020/4/7,78,1974,376,1099,417
2020/4/7,79,64,16,38,16
2020/4/7,08,158,35,74,12
2020/4/7,80,699,150,366,192
2020/4/7,81,115,54,68,10
2020/4/7,82,36,18,12,6
2020/4/7,83,466,122,528,88
2020/4/7,84,172,46,170,32
2020/4/7,85,144,44,88,32
2020/4/7,86,118,50,80,38
2020/4/7,87,136,38,63,20
2020/4/7,88,505,70,442,256
2020/4/7,89,187,38,96,34
2020/4/7,09,36,8,23,2
2020/4/7,90,432,86,376,188
2020/4/7,91,1902,424,726,293
2020/4/7,92,3852,877,2162,751
2020/4/7,93,2906,476,1253,734
2020/4/7,94,3874,602,1559,792
2020/4/7,95,1729,345,1519,564
2020/4/8,01,245,67,206,62
2020/4/8,10,305,48,107,93
2020/4/8,11,146,28,158,68
2020/4/8,12,104,16,94,28
2020/4/8,13,2201,506,1958,285
2020/4/8,14,311,114,136,57
2020/4/8,15,52,18,16,0
2020/4/8,16,21,7,56,16
2020/4/8,17,182,48,100,42
2020/4/8,18,102,30,50,52
2020/4/8,19,85,17,52,22
2020/4/8,02,519,78,458,236
2020/4/8,21,620,148,669,188
2020/4/8,22,132,26,90,28
2020/4/8,23,56,18,10,8
2020/4/8,24,46,12,46,2
2020/4/8,25,395,160,408,117
2020/4/8,26,492,130,336,138
2020/4/8,27,99,12,80,56
2020/4/8,28,346,61,241,72
2020/4/8,29,204,86,131,22
2020/4/8,03,104,42,131,20
2020/4/8,30,208,82,132,42
2020/4/8,31,457,215,382,42
2020/4/8,32,58,8,28,16
2020/4/8,33,580,178,703,116
2020/4/8,34,478,138,597,120
2020/4/8,35,324,92,226,54
2020/4/8,36,126,22,32,50
2020/4/8,37,383,119,164,46
2020/4/8,38,454,110,342,70
2020/4/8,39,200,24,100,38
2020/4/8,04,59,6,116,8
2020/4/8,40,58,28,50,12
2020/4/8,41,182,32,94,32
2020/4/8,42,947,208,484,180
2020/4/8,43,44,14,78,8
2020/4/8,44,525,132,357,108
2020/4/8,45,525,160,282,56
2020/4/8,46,34,18,78,2
2020/4/8,47,58,14,32,6
2020/4/8,48,12,2,22,0
2020/4/8,49,362,103,412,94
2020/4/8,05,122,32,106,4
2020/4/8,50,127,45,85,33
2020/4/8,51,743,126,690,207
2020/4/8,52,214,32,116,71
2020/4/8,53,148,30,50,26
2020/4/8,54,941,319,652,271
2020/4/8,55,326,46,294,78
2020/4/8,56,308,68,298,110
2020/4/8,57,1998,333,1379,826
2020/4/8,58,72,18,22,14
2020/4/8,59,1777,544,1051,392
2020/4/8,06,506,168,411,110
2020/4/8,60,840,139,719,375
2020/4/8,61,136,28,156,24
2020/4/8,62,866,238,514,148
2020/4/8,63,148,74,132,28
2020/4/8,64,176,56,158,28
2020/4/8,65,123,14,66,14
2020/4/8,66,182,62,324,38
2020/4/8,67,2140,544,1563,634
2020/4/8,68,2054,304,2211,1092
2020/4/8,69,2297,542,1638,537
2020/4/8,07,203,36,296,65
2020/4/8,70,174,36,169,90
2020/4/8,71,382,72,421,150
2020/4/8,72,232,48,210,44
2020/4/8,73,243,62,297,40
2020/4/8,74,558,162,639,146
2020/4/8,75,6278,1708,3294,1457
2020/4/8,76,682,226,447,158
2020/4/8,77,1458,393,1259,356
2020/4/8,78,2066,384,1192,437
2020/4/8,79,66,18,40,18
2020/4/8,08,148,33,78,14
2020/4/8,80,702,144,398,202
2020/4/8,81,113,44,72,12
2020/4/8,82,40,22,12,6
2020/4/8,83,515,112,556,92
2020/4/8,84,164,44,192,38
2020/4/8,85,130,42,110,34
2020/4/8,86,120,48,86,38
2020/4/8,87,144,38,69,22
2020/4/8,88,495,76,474,262
2020/4/8,89,189,38,116,34
2020/4/8,09,38,8,24,2
2020/4/8,90,418,86,408,192
2020/4/8,91,2231,437,788,325
2020/4/8,92,3962,909,2336,789
2020/4/8,93,2980,478,1424,801
2020/4/8,94,4054,667,1735,898
2020/4/8,95,1783,333,1639,614
2020/4/9,01,246,64,220,70
2020/4/9,10,400,54,293,115
2020/4/9,11,138,30,168,72
2020/4/9,12,104,18,100,30
2020/4/9,13,2079,496,2190,305
2020/4/9,14,313,116,142,61
2020/4/9,15,54,18,18,0
2020/4/9,16,21,7,56,16
2020/4/9,17,160,46,108,42
2020/4/9,18,120,26,52,52
2020/4/9,19,87,19,58,24
2020/4/9,02,538,78,496,254
2020/4/9,21,580,146,725,190
2020/4/9,22,128,24,98,32
2020/4/9,23,58,20,12,8
2020/4/9,24,44,12,50,2
2020/4/9,25,393,152,437,119
2020/4/9,26,480,130,364,142
2020/4/9,27,133,12,88,62
2020/4/9,28,363,57,257,74
2020/4/9,29,218,80,137,22
2020/4/9,03,112,44,132,20
2020/4/9,30,212,82,144,42
2020/4/9,31,493,211,426,46
2020/4/9,32,56,10,32,16
2020/4/9,33,564,174,710,124
2020/4/9,34,447,132,647,124
2020/4/9,35,346,96,234,54
2020/4/9,36,132,22,38,50
2020/4/9,37,385,121,178,56
2020/4/9,38,470,120,378,76
2020/4/9,39,210,26,116,46
2020/4/9,04,61,6,116,8
2020/4/9,40,60,28,58,16
2020/4/9,41,206,34,96,32
2020/4/9,42,943,190,528,190
2020/4/9,43,48,14,84,8
2020/4/9,44,546,132,393,114
2020/4/9,45,511,152,320,64
2020/4/9,46,40,18,86,2
2020/4/9,47,58,14,32,8
2020/4/9,48,12,2,22,0
2020/4/9,49,380,106,436,94
2020/4/9,05,108,30,122,4
2020/4/9,50,138,45,87,37
2020/4/9,51,765,124,726,215
2020/4/9,52,194,32,122,72
2020/4/9,53,150,28,56,28
2020/4/9,54,923,313,707,281
2020/4/9,55,314,46,322,82
2020/4/9,56,294,66,324,110
2020/4/9,57,2039,332,1469,855
2020/4/9,58,74,16,22,14
2020/4/9,59,1812,534,1150,424
2020/4/9,06,518,162,433,120
2020/4/9,60,841,139,764,377
2020/4/9,61,144,28,158,28
2020/4/9,62,912,252,568,162
2020/4/9,63,146,72,140,30
2020/4/9,64,192,56,158,28
2020/4/9,65,127,14,74,14
2020/4/9,66,174,64,338,38
2020/4/9,67,2165,534,1707,662
2020/4/9,68,2022,286,2339,1118
2020/4/9,69,2390,526,1761,555
2020/4/9,07,203,42,316,71
2020/4/9,70,182,36,181,90
2020/4/9,71,375,70,443,162
2020/4/9,72,260,40,215,46
2020/4/9,73,241,54,335,40
2020/4/9,74,561,157,675,154
2020/4/9,75,6278,1660,3633,1533
2020/4/9,76,660,222,479,168
2020/4/9,77,1493,399,1440,394
2020/4/9,78,2057,370,1291,469
2020/4/9,79,72,20,44,18
2020/4/9,08,154,35,88,18
2020/4/9,80,728,154,416,208
2020/4/9,81,101,44,86,14
2020/4/9,82,40,22,16,6
2020/4/9,83,535,112,592,92
2020/4/9,84,172,40,198,38
2020/4/9,85,142,46,114,34
2020/4/9,86,118,44,90,38
2020/4/9,87,148,40,73,22
2020/4/9,88,507,66,494,278
2020/4/9,89,181,36,124,36
2020/4/9,09,34,8,26,2
2020/4/9,90,420,82,420,196
2020/4/9,91,2248,441,932,351
2020/4/9,92,3921,875,2610,835
2020/4/9,93,3134,488,1653,889
2020/4/9,94,4197,673,1883,940
2020/4/9,95,1886,375,1747,645
