"dep";"jour";"nb"
"01";"2020-03-18";1
"02";"2020-03-18";4
"03";"2020-03-18";2
"04";"2020-03-18";2
"05";"2020-03-18";2
"06";"2020-03-18";5
"07";"2020-03-18";3
"08";"2020-03-18";1
"09";"2020-03-18";1
"10";"2020-03-18";1
"11";"2020-03-18";3
"12";"2020-03-18";1
"13";"2020-03-18";12
"14";"2020-03-18";1
"15";"2020-03-18";1
"16";"2020-03-18";1
"17";"2020-03-18";2
"18";"2020-03-18";0
"19";"2020-03-18";0
"21";"2020-03-18";2
"22";"2020-03-18";2
"23";"2020-03-18";0
"24";"2020-03-18";1
"25";"2020-03-18";2
"26";"2020-03-18";4
"27";"2020-03-18";1
"28";"2020-03-18";2
"29";"2020-03-18";3
"2A";"2020-03-18";1
"2B";"2020-03-18";0
"30";"2020-03-18";2
"31";"2020-03-18";4
"32";"2020-03-18";1
"33";"2020-03-18";5
"34";"2020-03-18";6
"35";"2020-03-18";1
"36";"2020-03-18";0
"37";"2020-03-18";1
"38";"2020-03-18";3
"39";"2020-03-18";2
"40";"2020-03-18";0
"41";"2020-03-18";0
"42";"2020-03-18";4
"43";"2020-03-18";1
"44";"2020-03-18";3
"45";"2020-03-18";1
"46";"2020-03-18";1
"47";"2020-03-18";1
"48";"2020-03-18";1
"49";"2020-03-18";3
"50";"2020-03-18";3
"51";"2020-03-18";3
"52";"2020-03-18";2
"53";"2020-03-18";1
"54";"2020-03-18";5
"55";"2020-03-18";1
"56";"2020-03-18";3
"57";"2020-03-18";8
"58";"2020-03-18";0
"59";"2020-03-18";9
"60";"2020-03-18";8
"61";"2020-03-18";3
"62";"2020-03-18";8
"63";"2020-03-18";1
"64";"2020-03-18";2
"65";"2020-03-18";0
"66";"2020-03-18";1
"67";"2020-03-18";8
"68";"2020-03-18";8
"69";"2020-03-18";9
"70";"2020-03-18";1
"71";"2020-03-18";3
"72";"2020-03-18";1
"73";"2020-03-18";2
"74";"2020-03-18";2
"75";"2020-03-18";15
"76";"2020-03-18";5
"77";"2020-03-18";4
"78";"2020-03-18";4
"79";"2020-03-18";1
"80";"2020-03-18";4
"81";"2020-03-18";2
"82";"2020-03-18";1
"83";"2020-03-18";2
"84";"2020-03-18";4
"85";"2020-03-18";1
"86";"2020-03-18";1
"87";"2020-03-18";1
"88";"2020-03-18";3
"89";"2020-03-18";2
"90";"2020-03-18";1
"91";"2020-03-18";2
"92";"2020-03-18";10
"93";"2020-03-18";7
"94";"2020-03-18";8
"95";"2020-03-18";4
"971";"2020-03-18";0
"972";"2020-03-18";1
"973";"2020-03-18";0
"974";"2020-03-18";1
"976";"2020-03-18";0
"01";"2020-03-19";1
"02";"2020-03-19";5
"03";"2020-03-19";2
"04";"2020-03-19";2
"05";"2020-03-19";2
"06";"2020-03-19";6
"07";"2020-03-19";3
"08";"2020-03-19";1
"09";"2020-03-19";1
"10";"2020-03-19";1
"11";"2020-03-19";3
"12";"2020-03-19";1
"13";"2020-03-19";12
"14";"2020-03-19";2
"15";"2020-03-19";1
"16";"2020-03-19";1
"17";"2020-03-19";2
"18";"2020-03-19";0
"19";"2020-03-19";1
"21";"2020-03-19";2
"22";"2020-03-19";2
"23";"2020-03-19";0
"24";"2020-03-19";1
"25";"2020-03-19";2
"26";"2020-03-19";5
"27";"2020-03-19";1
"28";"2020-03-19";2
"29";"2020-03-19";3
"2A";"2020-03-19";1
"2B";"2020-03-19";0
"30";"2020-03-19";2
"31";"2020-03-19";4
"32";"2020-03-19";1
"33";"2020-03-19";5
"34";"2020-03-19";8
"35";"2020-03-19";3
"36";"2020-03-19";1
"37";"2020-03-19";1
"38";"2020-03-19";5
"39";"2020-03-19";2
"40";"2020-03-19";0
"41";"2020-03-19";1
"42";"2020-03-19";5
"43";"2020-03-19";1
"44";"2020-03-19";6
"45";"2020-03-19";1
"46";"2020-03-19";1
"47";"2020-03-19";1
"48";"2020-03-19";1
"49";"2020-03-19";3
"50";"2020-03-19";3
"51";"2020-03-19";3
"52";"2020-03-19";2
"53";"2020-03-19";1
"54";"2020-03-19";6
"55";"2020-03-19";2
"56";"2020-03-19";4
"57";"2020-03-19";8
"58";"2020-03-19";0
"59";"2020-03-19";11
"60";"2020-03-19";8
"61";"2020-03-19";3
"62";"2020-03-19";9
"63";"2020-03-19";1
"64";"2020-03-19";3
"65";"2020-03-19";1
"66";"2020-03-19";1
"67";"2020-03-19";10
"68";"2020-03-19";9
"69";"2020-03-19";13
"70";"2020-03-19";1
"71";"2020-03-19";3
"72";"2020-03-19";1
"73";"2020-03-19";2
"74";"2020-03-19";4
"75";"2020-03-19";18
"76";"2020-03-19";4
"77";"2020-03-19";4
"78";"2020-03-19";6
"79";"2020-03-19";1
"80";"2020-03-19";4
"81";"2020-03-19";3
"82";"2020-03-19";1
"83";"2020-03-19";2
"84";"2020-03-19";4
"85";"2020-03-19";1
"86";"2020-03-19";1
"87";"2020-03-19";1
"88";"2020-03-19";3
"89";"2020-03-19";2
"90";"2020-03-19";1
"91";"2020-03-19";4
"92";"2020-03-19";11
"93";"2020-03-19";8
"94";"2020-03-19";10
"95";"2020-03-19";5
"971";"2020-03-19";0
"972";"2020-03-19";1
"973";"2020-03-19";0
"974";"2020-03-19";1
"976";"2020-03-19";0
"01";"2020-03-20";1
"02";"2020-03-20";5
"03";"2020-03-20";2
"04";"2020-03-20";2
"05";"2020-03-20";2
"06";"2020-03-20";8
"07";"2020-03-20";4
"08";"2020-03-20";1
"09";"2020-03-20";1
"10";"2020-03-20";1
"11";"2020-03-20";3
"12";"2020-03-20";1
"13";"2020-03-20";14
"14";"2020-03-20";2
"15";"2020-03-20";1
"16";"2020-03-20";1
"17";"2020-03-20";2
"18";"2020-03-20";0
"19";"2020-03-20";1
"21";"2020-03-20";2
"22";"2020-03-20";2
"23";"2020-03-20";0
"24";"2020-03-20";1
"25";"2020-03-20";2
"26";"2020-03-20";5
"27";"2020-03-20";1
"28";"2020-03-20";2
"29";"2020-03-20";3
"2A";"2020-03-20";1
"2B";"2020-03-20";1
"30";"2020-03-20";2
"31";"2020-03-20";5
"32";"2020-03-20";1
"33";"2020-03-20";7
"34";"2020-03-20";7
"35";"2020-03-20";3
"36";"2020-03-20";1
"37";"2020-03-20";1
"38";"2020-03-20";5
"39";"2020-03-20";2
"40";"2020-03-20";0
"41";"2020-03-20";1
"42";"2020-03-20";7
"43";"2020-03-20";1
"44";"2020-03-20";5
"45";"2020-03-20";2
"46";"2020-03-20";1
"47";"2020-03-20";1
"48";"2020-03-20";1
"49";"2020-03-20";3
"50";"2020-03-20";3
"51";"2020-03-20";5
"52";"2020-03-20";3
"53";"2020-03-20";1
"54";"2020-03-20";7
"55";"2020-03-20";2
"56";"2020-03-20";4
"57";"2020-03-20";8
"58";"2020-03-20";1
"59";"2020-03-20";11
"60";"2020-03-20";8
"61";"2020-03-20";3
"62";"2020-03-20";11
"63";"2020-03-20";1
"64";"2020-03-20";3
"65";"2020-03-20";1
"66";"2020-03-20";1
"67";"2020-03-20";12
"68";"2020-03-20";11
"69";"2020-03-20";14
"70";"2020-03-20";1
"71";"2020-03-20";4
"72";"2020-03-20";1
"73";"2020-03-20";3
"74";"2020-03-20";6
"75";"2020-03-20";20
"76";"2020-03-20";4
"77";"2020-03-20";6
"78";"2020-03-20";9
"79";"2020-03-20";1
"80";"2020-03-20";4
"81";"2020-03-20";3
"82";"2020-03-20";1
"83";"2020-03-20";5
"84";"2020-03-20";5
"85";"2020-03-20";1
"86";"2020-03-20";1
"87";"2020-03-20";1
"88";"2020-03-20";4
"89";"2020-03-20";2
"90";"2020-03-20";1
"91";"2020-03-20";7
"92";"2020-03-20";15
"93";"2020-03-20";9
"94";"2020-03-20";11
"95";"2020-03-20";7
"971";"2020-03-20";0
"972";"2020-03-20";1
"973";"2020-03-20";0
"974";"2020-03-20";1
"976";"2020-03-20";0
"01";"2020-03-21";2
"02";"2020-03-21";6
"03";"2020-03-21";2
"04";"2020-03-21";2
"05";"2020-03-21";2
"06";"2020-03-21";8
"07";"2020-03-21";4
"08";"2020-03-21";1
"09";"2020-03-21";1
"10";"2020-03-21";2
"11";"2020-03-21";3
"12";"2020-03-21";1
"13";"2020-03-21";15
"14";"2020-03-21";3
"15";"2020-03-21";1
"16";"2020-03-21";1
"17";"2020-03-21";3
"18";"2020-03-21";0
"19";"2020-03-21";1
"21";"2020-03-21";2
"22";"2020-03-21";2
"23";"2020-03-21";1
"24";"2020-03-21";1
"25";"2020-03-21";2
"26";"2020-03-21";5
"27";"2020-03-21";1
"28";"2020-03-21";2
"29";"2020-03-21";3
"2A";"2020-03-21";1
"2B";"2020-03-21";1
"30";"2020-03-21";2
"31";"2020-03-21";6
"32";"2020-03-21";1
"33";"2020-03-21";8
"34";"2020-03-21";8
"35";"2020-03-21";2
"36";"2020-03-21";1
"37";"2020-03-21";1
"38";"2020-03-21";5
"39";"2020-03-21";2
"40";"2020-03-21";0
"41";"2020-03-21";1
"42";"2020-03-21";8
"43";"2020-03-21";1
"44";"2020-03-21";6
"45";"2020-03-21";2
"46";"2020-03-21";1
"47";"2020-03-21";2
"48";"2020-03-21";1
"49";"2020-03-21";3
"50";"2020-03-21";3
"51";"2020-03-21";5
"52";"2020-03-21";3
"53";"2020-03-21";1
"54";"2020-03-21";8
"55";"2020-03-21";2
"56";"2020-03-21";4
"57";"2020-03-21";9
"58";"2020-03-21";1
"59";"2020-03-21";13
"60";"2020-03-21";8
"61";"2020-03-21";3
"62";"2020-03-21";10
"63";"2020-03-21";1
"64";"2020-03-21";2
"65";"2020-03-21";1
"66";"2020-03-21";1
"67";"2020-03-21";12
"68";"2020-03-21";11
"69";"2020-03-21";15
"70";"2020-03-21";1
"71";"2020-03-21";4
"72";"2020-03-21";2
"73";"2020-03-21";4
"74";"2020-03-21";6
"75";"2020-03-21";21
"76";"2020-03-21";5
"77";"2020-03-21";6
"78";"2020-03-21";9
"79";"2020-03-21";1
"80";"2020-03-21";5
"81";"2020-03-21";3
"82";"2020-03-21";1
"83";"2020-03-21";5
"84";"2020-03-21";5
"85";"2020-03-21";1
"86";"2020-03-21";1
"87";"2020-03-21";2
"88";"2020-03-21";4
"89";"2020-03-21";2
"90";"2020-03-21";1
"91";"2020-03-21";9
"92";"2020-03-21";17
"93";"2020-03-21";10
"94";"2020-03-21";11
"95";"2020-03-21";7
"971";"2020-03-21";0
"972";"2020-03-21";1
"973";"2020-03-21";0
"974";"2020-03-21";1
"976";"2020-03-21";0
"01";"2020-03-22";4
"02";"2020-03-22";7
"03";"2020-03-22";2
"04";"2020-03-22";2
"05";"2020-03-22";2
"06";"2020-03-22";8
"07";"2020-03-22";4
"08";"2020-03-22";1
"09";"2020-03-22";1
"10";"2020-03-22";2
"11";"2020-03-22";3
"12";"2020-03-22";1
"13";"2020-03-22";15
"14";"2020-03-22";4
"15";"2020-03-22";1
"16";"2020-03-22";1
"17";"2020-03-22";3
"18";"2020-03-22";0
"19";"2020-03-22";2
"21";"2020-03-22";2
"22";"2020-03-22";2
"23";"2020-03-22";1
"24";"2020-03-22";1
"25";"2020-03-22";2
"26";"2020-03-22";5
"27";"2020-03-22";1
"28";"2020-03-22";2
"29";"2020-03-22";3
"2A";"2020-03-22";1
"2B";"2020-03-22";1
"30";"2020-03-22";2
"31";"2020-03-22";7
"32";"2020-03-22";1
"33";"2020-03-22";9
"34";"2020-03-22";8
"35";"2020-03-22";3
"36";"2020-03-22";1
"37";"2020-03-22";1
"38";"2020-03-22";5
"39";"2020-03-22";3
"40";"2020-03-22";0
"41";"2020-03-22";1
"42";"2020-03-22";8
"43";"2020-03-22";1
"44";"2020-03-22";7
"45";"2020-03-22";2
"46";"2020-03-22";1
"47";"2020-03-22";2
"48";"2020-03-22";1
"49";"2020-03-22";3
"50";"2020-03-22";3
"51";"2020-03-22";5
"52";"2020-03-22";3
"53";"2020-03-22";1
"54";"2020-03-22";9
"55";"2020-03-22";2
"56";"2020-03-22";4
"57";"2020-03-22";9
"58";"2020-03-22";1
"59";"2020-03-22";13
"60";"2020-03-22";8
"61";"2020-03-22";3
"62";"2020-03-22";10
"63";"2020-03-22";1
"64";"2020-03-22";2
"65";"2020-03-22";1
"66";"2020-03-22";1
"67";"2020-03-22";12
"68";"2020-03-22";12
"69";"2020-03-22";17
"70";"2020-03-22";1
"71";"2020-03-22";4
"72";"2020-03-22";2
"73";"2020-03-22";5
"74";"2020-03-22";6
"75";"2020-03-22";22
"76";"2020-03-22";5
"77";"2020-03-22";7
"78";"2020-03-22";9
"79";"2020-03-22";1
"80";"2020-03-22";6
"81";"2020-03-22";3
"82";"2020-03-22";1
"83";"2020-03-22";5
"84";"2020-03-22";5
"85";"2020-03-22";1
"86";"2020-03-22";1
"87";"2020-03-22";2
"88";"2020-03-22";4
"89";"2020-03-22";2
"90";"2020-03-22";1
"91";"2020-03-22";9
"92";"2020-03-22";17
"93";"2020-03-22";11
"94";"2020-03-22";11
"95";"2020-03-22";7
"971";"2020-03-22";1
"972";"2020-03-22";1
"973";"2020-03-22";0
"974";"2020-03-22";1
"976";"2020-03-22";0
"01";"2020-03-23";4
"02";"2020-03-23";7
"03";"2020-03-23";3
"04";"2020-03-23";2
"05";"2020-03-23";2
"06";"2020-03-23";7
"07";"2020-03-23";4
"08";"2020-03-23";1
"09";"2020-03-23";1
"10";"2020-03-23";2
"11";"2020-03-23";4
"12";"2020-03-23";1
"13";"2020-03-23";18
"14";"2020-03-23";4
"15";"2020-03-23";1
"16";"2020-03-23";1
"17";"2020-03-23";3
"18";"2020-03-23";0
"19";"2020-03-23";2
"21";"2020-03-23";2
"22";"2020-03-23";3
"23";"2020-03-23";1
"24";"2020-03-23";2
"25";"2020-03-23";2
"26";"2020-03-23";5
"27";"2020-03-23";1
"28";"2020-03-23";2
"29";"2020-03-23";3
"2A";"2020-03-23";1
"2B";"2020-03-23";1
"30";"2020-03-23";2
"31";"2020-03-23";8
"32";"2020-03-23";1
"33";"2020-03-23";11
"34";"2020-03-23";9
"35";"2020-03-23";4
"36";"2020-03-23";2
"37";"2020-03-23";1
"38";"2020-03-23";5
"39";"2020-03-23";3
"40";"2020-03-23";1
"41";"2020-03-23";1
"42";"2020-03-23";8
"43";"2020-03-23";1
"44";"2020-03-23";7
"45";"2020-03-23";2
"46";"2020-03-23";1
"47";"2020-03-23";1
"48";"2020-03-23";1
"49";"2020-03-23";3
"50";"2020-03-23";3
"51";"2020-03-23";5
"52";"2020-03-23";3
"53";"2020-03-23";1
"54";"2020-03-23";9
"55";"2020-03-23";2
"56";"2020-03-23";4
"57";"2020-03-23";9
"58";"2020-03-23";1
"59";"2020-03-23";16
"60";"2020-03-23";8
"61";"2020-03-23";3
"62";"2020-03-23";11
"63";"2020-03-23";1
"64";"2020-03-23";3
"65";"2020-03-23";1
"66";"2020-03-23";1
"67";"2020-03-23";13
"68";"2020-03-23";12
"69";"2020-03-23";17
"70";"2020-03-23";1
"71";"2020-03-23";4
"72";"2020-03-23";2
"73";"2020-03-23";5
"74";"2020-03-23";6
"75";"2020-03-23";22
"76";"2020-03-23";5
"77";"2020-03-23";8
"78";"2020-03-23";10
"79";"2020-03-23";1
"80";"2020-03-23";8
"81";"2020-03-23";3
"82";"2020-03-23";1
"83";"2020-03-23";5
"84";"2020-03-23";6
"85";"2020-03-23";1
"86";"2020-03-23";1
"87";"2020-03-23";2
"88";"2020-03-23";4
"89";"2020-03-23";2
"90";"2020-03-23";1
"91";"2020-03-23";11
"92";"2020-03-23";17
"93";"2020-03-23";12
"94";"2020-03-23";12
"95";"2020-03-23";7
"971";"2020-03-23";1
"972";"2020-03-23";1
"973";"2020-03-23";0
"974";"2020-03-23";1
"976";"2020-03-23";0
"01";"2020-03-24";4
"02";"2020-03-24";7
"03";"2020-03-24";3
"04";"2020-03-24";2
"05";"2020-03-24";2
"06";"2020-03-24";7
"07";"2020-03-24";4
"08";"2020-03-24";1
"09";"2020-03-24";1
"10";"2020-03-24";2
"11";"2020-03-24";4
"12";"2020-03-24";1
"13";"2020-03-24";18
"14";"2020-03-24";4
"15";"2020-03-24";1
"16";"2020-03-24";1
"17";"2020-03-24";3
"18";"2020-03-24";1
"19";"2020-03-24";2
"21";"2020-03-24";3
"22";"2020-03-24";2
"23";"2020-03-24";1
"24";"2020-03-24";2
"25";"2020-03-24";2
"26";"2020-03-24";5
"27";"2020-03-24";1
"28";"2020-03-24";2
"29";"2020-03-24";3
"2A";"2020-03-24";1
"2B";"2020-03-24";1
"30";"2020-03-24";2
"31";"2020-03-24";8
"32";"2020-03-24";1
"33";"2020-03-24";12
"34";"2020-03-24";9
"35";"2020-03-24";4
"36";"2020-03-24";2
"37";"2020-03-24";2
"38";"2020-03-24";6
"39";"2020-03-24";3
"40";"2020-03-24";1
"41";"2020-03-24";1
"42";"2020-03-24";8
"43";"2020-03-24";1
"44";"2020-03-24";8
"45";"2020-03-24";2
"46";"2020-03-24";1
"47";"2020-03-24";1
"48";"2020-03-24";1
"49";"2020-03-24";3
"50";"2020-03-24";3
"51";"2020-03-24";5
"52";"2020-03-24";3
"53";"2020-03-24";1
"54";"2020-03-24";10
"55";"2020-03-24";2
"56";"2020-03-24";4
"57";"2020-03-24";9
"58";"2020-03-24";1
"59";"2020-03-24";17
"60";"2020-03-24";9
"61";"2020-03-24";4
"62";"2020-03-24";11
"63";"2020-03-24";1
"64";"2020-03-24";3
"65";"2020-03-24";1
"66";"2020-03-24";1
"67";"2020-03-24";15
"68";"2020-03-24";15
"69";"2020-03-24";19
"70";"2020-03-24";1
"71";"2020-03-24";4
"72";"2020-03-24";3
"73";"2020-03-24";5
"74";"2020-03-24";6
"75";"2020-03-24";22
"76";"2020-03-24";5
"77";"2020-03-24";8
"78";"2020-03-24";10
"79";"2020-03-24";2
"80";"2020-03-24";11
"81";"2020-03-24";3
"82";"2020-03-24";1
"83";"2020-03-24";5
"84";"2020-03-24";6
"85";"2020-03-24";1
"86";"2020-03-24";1
"87";"2020-03-24";2
"88";"2020-03-24";5
"89";"2020-03-24";2
"90";"2020-03-24";1
"91";"2020-03-24";11
"92";"2020-03-24";17
"93";"2020-03-24";12
"94";"2020-03-24";13
"95";"2020-03-24";7
"971";"2020-03-24";1
"972";"2020-03-24";1
"973";"2020-03-24";0
"974";"2020-03-24";1
"976";"2020-03-24";0
"01";"2020-03-25";4
"02";"2020-03-25";8
"03";"2020-03-25";3
"04";"2020-03-25";2
"05";"2020-03-25";2
"06";"2020-03-25";8
"07";"2020-03-25";4
"08";"2020-03-25";1
"09";"2020-03-25";2
"10";"2020-03-25";2
"11";"2020-03-25";4
"12";"2020-03-25";2
"13";"2020-03-25";20
"14";"2020-03-25";6
"15";"2020-03-25";1
"16";"2020-03-25";1
"17";"2020-03-25";3
"18";"2020-03-25";1
"19";"2020-03-25";2
"21";"2020-03-25";3
"22";"2020-03-25";4
"23";"2020-03-25";1
"24";"2020-03-25";2
"25";"2020-03-25";2
"26";"2020-03-25";6
"27";"2020-03-25";3
"28";"2020-03-25";3
"29";"2020-03-25";4
"2A";"2020-03-25";1
"2B";"2020-03-25";1
"30";"2020-03-25";2
"31";"2020-03-25";11
"32";"2020-03-25";1
"33";"2020-03-25";13
"34";"2020-03-25";13
"35";"2020-03-25";4
"36";"2020-03-25";2
"37";"2020-03-25";2
"38";"2020-03-25";6
"39";"2020-03-25";3
"40";"2020-03-25";2
"41";"2020-03-25";1
"42";"2020-03-25";8
"43";"2020-03-25";1
"44";"2020-03-25";8
"45";"2020-03-25";2
"46";"2020-03-25";1
"47";"2020-03-25";1
"48";"2020-03-25";1
"49";"2020-03-25";3
"50";"2020-03-25";3
"51";"2020-03-25";6
"52";"2020-03-25";3
"53";"2020-03-25";1
"54";"2020-03-25";9
"55";"2020-03-25";3
"56";"2020-03-25";4
"57";"2020-03-25";10
"58";"2020-03-25";1
"59";"2020-03-25";18
"60";"2020-03-25";9
"61";"2020-03-25";4
"62";"2020-03-25";13
"63";"2020-03-25";2
"64";"2020-03-25";4
"65";"2020-03-25";1
"66";"2020-03-25";1
"67";"2020-03-25";17
"68";"2020-03-25";18
"69";"2020-03-25";20
"70";"2020-03-25";1
"71";"2020-03-25";5
"72";"2020-03-25";3
"73";"2020-03-25";5
"74";"2020-03-25";7
"75";"2020-03-25";23
"76";"2020-03-25";7
"77";"2020-03-25";11
"78";"2020-03-25";10
"79";"2020-03-25";2
"80";"2020-03-25";11
"81";"2020-03-25";3
"82";"2020-03-25";1
"83";"2020-03-25";7
"84";"2020-03-25";7
"85";"2020-03-25";2
"86";"2020-03-25";2
"87";"2020-03-25";2
"88";"2020-03-25";6
"89";"2020-03-25";2
"90";"2020-03-25";1
"91";"2020-03-25";11
"92";"2020-03-25";17
"93";"2020-03-25";13
"94";"2020-03-25";13
"95";"2020-03-25";8
"971";"2020-03-25";1
"972";"2020-03-25";1
"973";"2020-03-25";0
"974";"2020-03-25";1
"976";"2020-03-25";0
"01";"2020-03-26";5
"02";"2020-03-26";8
"03";"2020-03-26";3
"04";"2020-03-26";3
"05";"2020-03-26";2
"06";"2020-03-26";9
"07";"2020-03-26";4
"08";"2020-03-26";1
"09";"2020-03-26";2
"10";"2020-03-26";2
"11";"2020-03-26";4
"12";"2020-03-26";2
"13";"2020-03-26";22
"14";"2020-03-26";6
"15";"2020-03-26";1
"16";"2020-03-26";1
"17";"2020-03-26";3
"18";"2020-03-26";1
"19";"2020-03-26";2
"21";"2020-03-26";4
"22";"2020-03-26";4
"23";"2020-03-26";1
"24";"2020-03-26";2
"25";"2020-03-26";3
"26";"2020-03-26";6
"27";"2020-03-26";3
"28";"2020-03-26";3
"29";"2020-03-26";4
"2A";"2020-03-26";1
"2B";"2020-03-26";1
"30";"2020-03-26";2
"31";"2020-03-26";11
"32";"2020-03-26";1
"33";"2020-03-26";13
"34";"2020-03-26";13
"35";"2020-03-26";4
"36";"2020-03-26";2
"37";"2020-03-26";4
"38";"2020-03-26";7
"39";"2020-03-26";3
"40";"2020-03-26";2
"41";"2020-03-26";1
"42";"2020-03-26";9
"43";"2020-03-26";2
"44";"2020-03-26";8
"45";"2020-03-26";2
"46";"2020-03-26";1
"47";"2020-03-26";1
"48";"2020-03-26";1
"49";"2020-03-26";3
"50";"2020-03-26";3
"51";"2020-03-26";6
"52";"2020-03-26";3
"53";"2020-03-26";2
"54";"2020-03-26";10
"55";"2020-03-26";3
"56";"2020-03-26";4
"57";"2020-03-26";13
"58";"2020-03-26";1
"59";"2020-03-26";17
"60";"2020-03-26";10
"61";"2020-03-26";4
"62";"2020-03-26";13
"63";"2020-03-26";2
"64";"2020-03-26";4
"65";"2020-03-26";3
"66";"2020-03-26";1
"67";"2020-03-26";18
"68";"2020-03-26";20
"69";"2020-03-26";21
"70";"2020-03-26";1
"71";"2020-03-26";6
"72";"2020-03-26";4
"73";"2020-03-26";5
"74";"2020-03-26";9
"75";"2020-03-26";25
"76";"2020-03-26";8
"77";"2020-03-26";12
"78";"2020-03-26";10
"79";"2020-03-26";2
"80";"2020-03-26";11
"81";"2020-03-26";4
"82";"2020-03-26";1
"83";"2020-03-26";8
"84";"2020-03-26";7
"85";"2020-03-26";3
"86";"2020-03-26";2
"87";"2020-03-26";2
"88";"2020-03-26";6
"89";"2020-03-26";2
"90";"2020-03-26";1
"91";"2020-03-26";11
"92";"2020-03-26";17
"93";"2020-03-26";13
"94";"2020-03-26";13
"95";"2020-03-26";9
"971";"2020-03-26";1
"972";"2020-03-26";1
"973";"2020-03-26";0
"974";"2020-03-26";1
"976";"2020-03-26";0
"01";"2020-03-27";6
"02";"2020-03-27";8
"03";"2020-03-27";3
"04";"2020-03-27";3
"05";"2020-03-27";2
"06";"2020-03-27";9
"07";"2020-03-27";4
"08";"2020-03-27";1
"09";"2020-03-27";2
"10";"2020-03-27";2
"11";"2020-03-27";5
"12";"2020-03-27";2
"13";"2020-03-27";24
"14";"2020-03-27";6
"15";"2020-03-27";1
"16";"2020-03-27";1
"17";"2020-03-27";3
"18";"2020-03-27";1
"19";"2020-03-27";4
"21";"2020-03-27";4
"22";"2020-03-27";5
"23";"2020-03-27";1
"24";"2020-03-27";2
"25";"2020-03-27";3
"26";"2020-03-27";6
"27";"2020-03-27";3
"28";"2020-03-27";3
"29";"2020-03-27";4
"2A";"2020-03-27";1
"2B";"2020-03-27";1
"30";"2020-03-27";3
"31";"2020-03-27";12
"32";"2020-03-27";1
"33";"2020-03-27";15
"34";"2020-03-27";15
"35";"2020-03-27";4
"36";"2020-03-27";2
"37";"2020-03-27";4
"38";"2020-03-27";7
"39";"2020-03-27";3
"40";"2020-03-27";2
"41";"2020-03-27";1
"42";"2020-03-27";9
"43";"2020-03-27";2
"44";"2020-03-27";8
"45";"2020-03-27";3
"46";"2020-03-27";1
"47";"2020-03-27";1
"48";"2020-03-27";1
"49";"2020-03-27";3
"50";"2020-03-27";3
"51";"2020-03-27";7
"52";"2020-03-27";3
"53";"2020-03-27";4
"54";"2020-03-27";10
"55";"2020-03-27";3
"56";"2020-03-27";5
"57";"2020-03-27";13
"58";"2020-03-27";1
"59";"2020-03-27";20
"60";"2020-03-27";11
"61";"2020-03-27";4
"62";"2020-03-27";15
"63";"2020-03-27";3
"64";"2020-03-27";4
"65";"2020-03-27";3
"66";"2020-03-27";1
"67";"2020-03-27";18
"68";"2020-03-27";20
"69";"2020-03-27";24
"70";"2020-03-27";1
"71";"2020-03-27";6
"72";"2020-03-27";4
"73";"2020-03-27";6
"74";"2020-03-27";9
"75";"2020-03-27";31
"76";"2020-03-27";8
"77";"2020-03-27";13
"78";"2020-03-27";10
"79";"2020-03-27";2
"80";"2020-03-27";13
"81";"2020-03-27";4
"82";"2020-03-27";1
"83";"2020-03-27";8
"84";"2020-03-27";7
"85";"2020-03-27";3
"86";"2020-03-27";2
"87";"2020-03-27";2
"88";"2020-03-27";6
"89";"2020-03-27";2
"90";"2020-03-27";1
"91";"2020-03-27";12
"92";"2020-03-27";18
"93";"2020-03-27";15
"94";"2020-03-27";14
"95";"2020-03-27";9
"971";"2020-03-27";1
"972";"2020-03-27";1
"973";"2020-03-27";0
"974";"2020-03-27";1
"976";"2020-03-27";0
"01";"2020-03-28";6
"02";"2020-03-28";8
"03";"2020-03-28";3
"04";"2020-03-28";3
"05";"2020-03-28";3
"06";"2020-03-28";10
"07";"2020-03-28";4
"08";"2020-03-28";2
"09";"2020-03-28";2
"10";"2020-03-28";3
"11";"2020-03-28";5
"12";"2020-03-28";2
"13";"2020-03-28";28
"14";"2020-03-28";6
"15";"2020-03-28";1
"16";"2020-03-28";2
"17";"2020-03-28";3
"18";"2020-03-28";1
"19";"2020-03-28";4
"21";"2020-03-28";4
"22";"2020-03-28";5
"23";"2020-03-28";1
"24";"2020-03-28";1
"25";"2020-03-28";3
"26";"2020-03-28";6
"27";"2020-03-28";4
"28";"2020-03-28";3
"29";"2020-03-28";4
"2A";"2020-03-28";1
"2B";"2020-03-28";1
"30";"2020-03-28";3
"31";"2020-03-28";12
"32";"2020-03-28";1
"33";"2020-03-28";14
"34";"2020-03-28";15
"35";"2020-03-28";5
"36";"2020-03-28";2
"37";"2020-03-28";4
"38";"2020-03-28";7
"39";"2020-03-28";3
"40";"2020-03-28";2
"41";"2020-03-28";2
"42";"2020-03-28";9
"43";"2020-03-28";2
"44";"2020-03-28";9
"45";"2020-03-28";4
"46";"2020-03-28";1
"47";"2020-03-28";1
"48";"2020-03-28";1
"49";"2020-03-28";3
"50";"2020-03-28";3
"51";"2020-03-28";7
"52";"2020-03-28";4
"53";"2020-03-28";4
"54";"2020-03-28";13
"55";"2020-03-28";3
"56";"2020-03-28";5
"57";"2020-03-28";13
"58";"2020-03-28";1
"59";"2020-03-28";20
"60";"2020-03-28";13
"61";"2020-03-28";4
"62";"2020-03-28";16
"63";"2020-03-28";3
"64";"2020-03-28";4
"65";"2020-03-28";3
"66";"2020-03-28";1
"67";"2020-03-28";18
"68";"2020-03-28";20
"69";"2020-03-28";26
"70";"2020-03-28";1
"71";"2020-03-28";6
"72";"2020-03-28";3
"73";"2020-03-28";7
"74";"2020-03-28";9
"75";"2020-03-28";31
"76";"2020-03-28";9
"77";"2020-03-28";13
"78";"2020-03-28";10
"79";"2020-03-28";2
"80";"2020-03-28";13
"81";"2020-03-28";4
"82";"2020-03-28";1
"83";"2020-03-28";10
"84";"2020-03-28";7
"85";"2020-03-28";3
"86";"2020-03-28";2
"87";"2020-03-28";2
"88";"2020-03-28";6
"89";"2020-03-28";2
"90";"2020-03-28";1
"91";"2020-03-28";13
"92";"2020-03-28";19
"93";"2020-03-28";16
"94";"2020-03-28";16
"95";"2020-03-28";9
"971";"2020-03-28";2
"972";"2020-03-28";1
"973";"2020-03-28";0
"974";"2020-03-28";1
"976";"2020-03-28";0
"01";"2020-03-29";6
"02";"2020-03-29";8
"03";"2020-03-29";3
"04";"2020-03-29";3
"05";"2020-03-29";3
"06";"2020-03-29";10
"07";"2020-03-29";4
"08";"2020-03-29";2
"09";"2020-03-29";2
"10";"2020-03-29";3
"11";"2020-03-29";5
"12";"2020-03-29";2
"13";"2020-03-29";30
"14";"2020-03-29";6
"15";"2020-03-29";1
"16";"2020-03-29";2
"17";"2020-03-29";3
"18";"2020-03-29";1
"19";"2020-03-29";4
"21";"2020-03-29";4
"22";"2020-03-29";5
"23";"2020-03-29";1
"24";"2020-03-29";1
"25";"2020-03-29";3
"26";"2020-03-29";6
"27";"2020-03-29";4
"28";"2020-03-29";3
"29";"2020-03-29";4
"2A";"2020-03-29";1
"2B";"2020-03-29";1
"30";"2020-03-29";3
"31";"2020-03-29";12
"32";"2020-03-29";1
"33";"2020-03-29";14
"34";"2020-03-29";15
"35";"2020-03-29";6
"36";"2020-03-29";2
"37";"2020-03-29";4
"38";"2020-03-29";7
"39";"2020-03-29";3
"40";"2020-03-29";2
"41";"2020-03-29";2
"42";"2020-03-29";9
"43";"2020-03-29";2
"44";"2020-03-29";9
"45";"2020-03-29";4
"46";"2020-03-29";2
"47";"2020-03-29";1
"48";"2020-03-29";1
"49";"2020-03-29";3
"50";"2020-03-29";3
"51";"2020-03-29";7
"52";"2020-03-29";4
"53";"2020-03-29";4
"54";"2020-03-29";12
"55";"2020-03-29";3
"56";"2020-03-29";5
"57";"2020-03-29";13
"58";"2020-03-29";1
"59";"2020-03-29";23
"60";"2020-03-29";13
"61";"2020-03-29";4
"62";"2020-03-29";16
"63";"2020-03-29";3
"64";"2020-03-29";4
"65";"2020-03-29";5
"66";"2020-03-29";1
"67";"2020-03-29";18
"68";"2020-03-29";20
"69";"2020-03-29";26
"70";"2020-03-29";1
"71";"2020-03-29";6
"72";"2020-03-29";3
"73";"2020-03-29";7
"74";"2020-03-29";9
"75";"2020-03-29";31
"76";"2020-03-29";9
"77";"2020-03-29";13
"78";"2020-03-29";12
"79";"2020-03-29";2
"80";"2020-03-29";13
"81";"2020-03-29";4
"82";"2020-03-29";1
"83";"2020-03-29";11
"84";"2020-03-29";7
"85";"2020-03-29";3
"86";"2020-03-29";2
"87";"2020-03-29";2
"88";"2020-03-29";6
"89";"2020-03-29";2
"90";"2020-03-29";1
"91";"2020-03-29";13
"92";"2020-03-29";20
"93";"2020-03-29";16
"94";"2020-03-29";17
"95";"2020-03-29";9
"971";"2020-03-29";2
"972";"2020-03-29";1
"973";"2020-03-29";0
"974";"2020-03-29";1
"976";"2020-03-29";0
"01";"2020-03-30";6
"02";"2020-03-30";9
"03";"2020-03-30";3
"04";"2020-03-30";3
"05";"2020-03-30";4
"06";"2020-03-30";10
"07";"2020-03-30";4
"08";"2020-03-30";2
"09";"2020-03-30";2
"10";"2020-03-30";4
"11";"2020-03-30";5
"12";"2020-03-30";2
"13";"2020-03-30";30
"14";"2020-03-30";6
"15";"2020-03-30";1
"16";"2020-03-30";2
"17";"2020-03-30";4
"18";"2020-03-30";1
"19";"2020-03-30";4
"21";"2020-03-30";5
"22";"2020-03-30";5
"23";"2020-03-30";1
"24";"2020-03-30";2
"25";"2020-03-30";3
"26";"2020-03-30";6
"27";"2020-03-30";4
"28";"2020-03-30";3
"29";"2020-03-30";4
"2A";"2020-03-30";1
"2B";"2020-03-30";1
"30";"2020-03-30";3
"31";"2020-03-30";12
"32";"2020-03-30";1
"33";"2020-03-30";14
"34";"2020-03-30";15
"35";"2020-03-30";7
"36";"2020-03-30";2
"37";"2020-03-30";4
"38";"2020-03-30";7
"39";"2020-03-30";3
"40";"2020-03-30";2
"41";"2020-03-30";3
"42";"2020-03-30";9
"43";"2020-03-30";2
"44";"2020-03-30";9
"45";"2020-03-30";4
"46";"2020-03-30";2
"47";"2020-03-30";2
"48";"2020-03-30";1
"49";"2020-03-30";3
"50";"2020-03-30";4
"51";"2020-03-30";7
"52";"2020-03-30";4
"53";"2020-03-30";4
"54";"2020-03-30";13
"55";"2020-03-30";3
"56";"2020-03-30";5
"57";"2020-03-30";13
"58";"2020-03-30";1
"59";"2020-03-30";23
"60";"2020-03-30";15
"61";"2020-03-30";4
"62";"2020-03-30";16
"63";"2020-03-30";3
"64";"2020-03-30";4
"65";"2020-03-30";5
"66";"2020-03-30";1
"67";"2020-03-30";18
"68";"2020-03-30";21
"69";"2020-03-30";26
"70";"2020-03-30";1
"71";"2020-03-30";6
"72";"2020-03-30";4
"73";"2020-03-30";7
"74";"2020-03-30";9
"75";"2020-03-30";33
"76";"2020-03-30";9
"77";"2020-03-30";13
"78";"2020-03-30";12
"79";"2020-03-30";2
"80";"2020-03-30";14
"81";"2020-03-30";4
"82";"2020-03-30";2
"83";"2020-03-30";14
"84";"2020-03-30";7
"85";"2020-03-30";3
"86";"2020-03-30";2
"87";"2020-03-30";2
"88";"2020-03-30";6
"89";"2020-03-30";2
"90";"2020-03-30";1
"91";"2020-03-30";13
"92";"2020-03-30";23
"93";"2020-03-30";16
"94";"2020-03-30";17
"95";"2020-03-30";9
"971";"2020-03-30";2
"972";"2020-03-30";1
"973";"2020-03-30";0
"974";"2020-03-30";1
"976";"2020-03-30";0
"01";"2020-03-31";6
"02";"2020-03-31";9
"03";"2020-03-31";3
"04";"2020-03-31";3
"05";"2020-03-31";4
"06";"2020-03-31";12
"07";"2020-03-31";4
"08";"2020-03-31";2
"09";"2020-03-31";2
"10";"2020-03-31";4
"11";"2020-03-31";5
"12";"2020-03-31";2
"13";"2020-03-31";30
"14";"2020-03-31";7
"15";"2020-03-31";1
"16";"2020-03-31";2
"17";"2020-03-31";4
"18";"2020-03-31";1
"19";"2020-03-31";4
"21";"2020-03-31";5
"22";"2020-03-31";5
"23";"2020-03-31";1
"24";"2020-03-31";1
"25";"2020-03-31";3
"26";"2020-03-31";6
"27";"2020-03-31";5
"28";"2020-03-31";4
"29";"2020-03-31";4
"2A";"2020-03-31";1
"2B";"2020-03-31";1
"30";"2020-03-31";3
"31";"2020-03-31";13
"32";"2020-03-31";1
"33";"2020-03-31";14
"34";"2020-03-31";15
"35";"2020-03-31";9
"36";"2020-03-31";3
"37";"2020-03-31";4
"38";"2020-03-31";7
"39";"2020-03-31";3
"40";"2020-03-31";2
"41";"2020-03-31";3
"42";"2020-03-31";9
"43";"2020-03-31";2
"44";"2020-03-31";10
"45";"2020-03-31";4
"46";"2020-03-31";2
"47";"2020-03-31";2
"48";"2020-03-31";1
"49";"2020-03-31";3
"50";"2020-03-31";4
"51";"2020-03-31";6
"52";"2020-03-31";4
"53";"2020-03-31";4
"54";"2020-03-31";13
"55";"2020-03-31";3
"56";"2020-03-31";5
"57";"2020-03-31";14
"58";"2020-03-31";1
"59";"2020-03-31";25
"60";"2020-03-31";16
"61";"2020-03-31";6
"62";"2020-03-31";18
"63";"2020-03-31";3
"64";"2020-03-31";4
"65";"2020-03-31";5
"66";"2020-03-31";2
"67";"2020-03-31";18
"68";"2020-03-31";21
"69";"2020-03-31";27
"70";"2020-03-31";2
"71";"2020-03-31";6
"72";"2020-03-31";4
"73";"2020-03-31";7
"74";"2020-03-31";9
"75";"2020-03-31";32
"76";"2020-03-31";10
"77";"2020-03-31";13
"78";"2020-03-31";17
"79";"2020-03-31";2
"80";"2020-03-31";14
"81";"2020-03-31";4
"82";"2020-03-31";2
"83";"2020-03-31";14
"84";"2020-03-31";7
"85";"2020-03-31";3
"86";"2020-03-31";2
"87";"2020-03-31";2
"88";"2020-03-31";6
"89";"2020-03-31";2
"90";"2020-03-31";1
"91";"2020-03-31";15
"92";"2020-03-31";28
"93";"2020-03-31";18
"94";"2020-03-31";19
"95";"2020-03-31";9
"971";"2020-03-31";2
"972";"2020-03-31";1
"973";"2020-03-31";0
"974";"2020-03-31";1
"976";"2020-03-31";0
"01";"2020-04-01";6
"02";"2020-04-01";9
"03";"2020-04-01";3
"04";"2020-04-01";3
"05";"2020-04-01";4
"06";"2020-04-01";16
"07";"2020-04-01";4
"08";"2020-04-01";2
"09";"2020-04-01";2
"10";"2020-04-01";5
"11";"2020-04-01";5
"12";"2020-04-01";2
"13";"2020-04-01";31
"14";"2020-04-01";7
"15";"2020-04-01";1
"16";"2020-04-01";2
"17";"2020-04-01";4
"18";"2020-04-01";2
"19";"2020-04-01";4
"21";"2020-04-01";5
"22";"2020-04-01";5
"23";"2020-04-01";1
"24";"2020-04-01";2
"25";"2020-04-01";3
"26";"2020-04-01";6
"27";"2020-04-01";6
"28";"2020-04-01";4
"29";"2020-04-01";4
"2A";"2020-04-01";1
"2B";"2020-04-01";1
"30";"2020-04-01";3
"31";"2020-04-01";13
"32";"2020-04-01";2
"33";"2020-04-01";16
"34";"2020-04-01";15
"35";"2020-04-01";9
"36";"2020-04-01";3
"37";"2020-04-01";5
"38";"2020-04-01";7
"39";"2020-04-01";3
"40";"2020-04-01";2
"41";"2020-04-01";3
"42";"2020-04-01";9
"43";"2020-04-01";2
"44";"2020-04-01";10
"45";"2020-04-01";4
"46";"2020-04-01";3
"47";"2020-04-01";3
"48";"2020-04-01";1
"49";"2020-04-01";4
"50";"2020-04-01";4
"51";"2020-04-01";7
"52";"2020-04-01";4
"53";"2020-04-01";4
"54";"2020-04-01";13
"55";"2020-04-01";3
"56";"2020-04-01";6
"57";"2020-04-01";14
"58";"2020-04-01";1
"59";"2020-04-01";27
"60";"2020-04-01";16
"61";"2020-04-01";6
"62";"2020-04-01";20
"63";"2020-04-01";3
"64";"2020-04-01";4
"65";"2020-04-01";5
"66";"2020-04-01";2
"67";"2020-04-01";21
"68";"2020-04-01";21
"69";"2020-04-01";28
"70";"2020-04-01";2
"71";"2020-04-01";7
"72";"2020-04-01";5
"73";"2020-04-01";7
"74";"2020-04-01";9
"75";"2020-04-01";32
"76";"2020-04-01";10
"77";"2020-04-01";15
"78";"2020-04-01";18
"79";"2020-04-01";3
"80";"2020-04-01";14
"81";"2020-04-01";5
"82";"2020-04-01";3
"83";"2020-04-01";14
"84";"2020-04-01";8
"85";"2020-04-01";4
"86";"2020-04-01";2
"87";"2020-04-01";3
"88";"2020-04-01";6
"89";"2020-04-01";3
"90";"2020-04-01";1
"91";"2020-04-01";15
"92";"2020-04-01";31
"93";"2020-04-01";19
"94";"2020-04-01";19
"95";"2020-04-01";11
"971";"2020-04-01";2
"972";"2020-04-01";1
"973";"2020-04-01";1
"974";"2020-04-01";1
"976";"2020-04-01";1
"01";"2020-04-02";6
"02";"2020-04-02";10
"03";"2020-04-02";3
"04";"2020-04-02";3
"05";"2020-04-02";4
"06";"2020-04-02";17
"07";"2020-04-02";4
"08";"2020-04-02";2
"09";"2020-04-02";2
"10";"2020-04-02";6
"11";"2020-04-02";5
"12";"2020-04-02";3
"13";"2020-04-02";34
"14";"2020-04-02";8
"15";"2020-04-02";2
"16";"2020-04-02";2
"17";"2020-04-02";4
"18";"2020-04-02";3
"19";"2020-04-02";4
"21";"2020-04-02";7
"22";"2020-04-02";5
"23";"2020-04-02";1
"24";"2020-04-02";3
"25";"2020-04-02";3
"26";"2020-04-02";6
"27";"2020-04-02";6
"28";"2020-04-02";4
"29";"2020-04-02";5
"2A";"2020-04-02";1
"2B";"2020-04-02";1
"30";"2020-04-02";3
"31";"2020-04-02";14
"32";"2020-04-02";2
"33";"2020-04-02";16
"34";"2020-04-02";16
"35";"2020-04-02";10
"36";"2020-04-02";3
"37";"2020-04-02";6
"38";"2020-04-02";7
"39";"2020-04-02";3
"40";"2020-04-02";2
"41";"2020-04-02";3
"42";"2020-04-02";9
"43";"2020-04-02";2
"44";"2020-04-02";10
"45";"2020-04-02";5
"46";"2020-04-02";3
"47";"2020-04-02";3
"48";"2020-04-02";1
"49";"2020-04-02";5
"50";"2020-04-02";5
"51";"2020-04-02";7
"52";"2020-04-02";4
"53";"2020-04-02";4
"54";"2020-04-02";14
"55";"2020-04-02";3
"56";"2020-04-02";6
"57";"2020-04-02";14
"58";"2020-04-02";1
"59";"2020-04-02";32
"60";"2020-04-02";16
"61";"2020-04-02";6
"62";"2020-04-02";21
"63";"2020-04-02";3
"64";"2020-04-02";4
"65";"2020-04-02";5
"66";"2020-04-02";2
"67";"2020-04-02";21
"68";"2020-04-02";21
"69";"2020-04-02";28
"70";"2020-04-02";2
"71";"2020-04-02";7
"72";"2020-04-02";5
"73";"2020-04-02";7
"74";"2020-04-02";11
"75";"2020-04-02";35
"76";"2020-04-02";11
"77";"2020-04-02";17
"78";"2020-04-02";20
"79";"2020-04-02";3
"80";"2020-04-02";14
"81";"2020-04-02";5
"82";"2020-04-02";3
"83";"2020-04-02";16
"84";"2020-04-02";8
"85";"2020-04-02";4
"86";"2020-04-02";2
"87";"2020-04-02";3
"88";"2020-04-02";6
"89";"2020-04-02";6
"90";"2020-04-02";1
"91";"2020-04-02";17
"92";"2020-04-02";33
"93";"2020-04-02";19
"94";"2020-04-02";19
"95";"2020-04-02";12
"971";"2020-04-02";2
"972";"2020-04-02";1
"973";"2020-04-02";2
"974";"2020-04-02";1
"976";"2020-04-02";1
"01";"2020-04-03";6
"02";"2020-04-03";11
"03";"2020-04-03";3
"04";"2020-04-03";3
"05";"2020-04-03";4
"06";"2020-04-03";18
"07";"2020-04-03";4
"08";"2020-04-03";2
"09";"2020-04-03";2
"10";"2020-04-03";6
"11";"2020-04-03";5
"12";"2020-04-03";3
"13";"2020-04-03";35
"14";"2020-04-03";7
"15";"2020-04-03";2
"16";"2020-04-03";2
"17";"2020-04-03";5
"18";"2020-04-03";3
"19";"2020-04-03";4
"21";"2020-04-03";7
"22";"2020-04-03";5
"23";"2020-04-03";1
"24";"2020-04-03";3
"25";"2020-04-03";3
"26";"2020-04-03";6
"27";"2020-04-03";6
"28";"2020-04-03";6
"29";"2020-04-03";6
"2A";"2020-04-03";1
"2B";"2020-04-03";1
"30";"2020-04-03";3
"31";"2020-04-03";14
"32";"2020-04-03";2
"33";"2020-04-03";15
"34";"2020-04-03";16
"35";"2020-04-03";10
"36";"2020-04-03";4
"37";"2020-04-03";6
"38";"2020-04-03";8
"39";"2020-04-03";3
"40";"2020-04-03";2
"41";"2020-04-03";3
"42";"2020-04-03";9
"43";"2020-04-03";2
"44";"2020-04-03";11
"45";"2020-04-03";5
"46";"2020-04-03";3
"47";"2020-04-03";3
"48";"2020-04-03";1
"49";"2020-04-03";5
"50";"2020-04-03";5
"51";"2020-04-03";8
"52";"2020-04-03";4
"53";"2020-04-03";4
"54";"2020-04-03";14
"55";"2020-04-03";3
"56";"2020-04-03";6
"57";"2020-04-03";14
"58";"2020-04-03";1
"59";"2020-04-03";33
"60";"2020-04-03";16
"61";"2020-04-03";7
"62";"2020-04-03";21
"63";"2020-04-03";3
"64";"2020-04-03";4
"65";"2020-04-03";5
"66";"2020-04-03";2
"67";"2020-04-03";22
"68";"2020-04-03";21
"69";"2020-04-03";28
"70";"2020-04-03";2
"71";"2020-04-03";7
"72";"2020-04-03";6
"73";"2020-04-03";7
"74";"2020-04-03";11
"75";"2020-04-03";34
"76";"2020-04-03";11
"77";"2020-04-03";18
"78";"2020-04-03";20
"79";"2020-04-03";3
"80";"2020-04-03";15
"81";"2020-04-03";5
"82";"2020-04-03";3
"83";"2020-04-03";16
"84";"2020-04-03";9
"85";"2020-04-03";4
"86";"2020-04-03";2
"87";"2020-04-03";3
"88";"2020-04-03";7
"89";"2020-04-03";5
"90";"2020-04-03";1
"91";"2020-04-03";18
"92";"2020-04-03";36
"93";"2020-04-03";20
"94";"2020-04-03";20
"95";"2020-04-03";13
"971";"2020-04-03";3
"972";"2020-04-03";1
"973";"2020-04-03";2
"974";"2020-04-03";1
"976";"2020-04-03";1
"01";"2020-04-04";6
"02";"2020-04-04";10
"03";"2020-04-04";3
"04";"2020-04-04";3
"05";"2020-04-04";4
"06";"2020-04-04";18
"07";"2020-04-04";4
"08";"2020-04-04";2
"09";"2020-04-04";2
"10";"2020-04-04";6
"11";"2020-04-04";5
"12";"2020-04-04";3
"13";"2020-04-04";36
"14";"2020-04-04";8
"15";"2020-04-04";3
"16";"2020-04-04";2
"17";"2020-04-04";5
"18";"2020-04-04";3
"19";"2020-04-04";4
"21";"2020-04-04";7
"22";"2020-04-04";5
"23";"2020-04-04";1
"24";"2020-04-04";3
"25";"2020-04-04";3
"26";"2020-04-04";6
"27";"2020-04-04";6
"28";"2020-04-04";7
"29";"2020-04-04";7
"2A";"2020-04-04";1
"2B";"2020-04-04";1
"30";"2020-04-04";3
"31";"2020-04-04";14
"32";"2020-04-04";2
"33";"2020-04-04";15
"34";"2020-04-04";16
"35";"2020-04-04";10
"36";"2020-04-04";4
"37";"2020-04-04";7
"38";"2020-04-04";8
"39";"2020-04-04";3
"40";"2020-04-04";2
"41";"2020-04-04";3
"42";"2020-04-04";9
"43";"2020-04-04";2
"44";"2020-04-04";11
"45";"2020-04-04";5
"46";"2020-04-04";3
"47";"2020-04-04";4
"48";"2020-04-04";1
"49";"2020-04-04";5
"50";"2020-04-04";5
"51";"2020-04-04";8
"52";"2020-04-04";4
"53";"2020-04-04";4
"54";"2020-04-04";13
"55";"2020-04-04";3
"56";"2020-04-04";6
"57";"2020-04-04";15
"58";"2020-04-04";1
"59";"2020-04-04";36
"60";"2020-04-04";16
"61";"2020-04-04";7
"62";"2020-04-04";22
"63";"2020-04-04";3
"64";"2020-04-04";4
"65";"2020-04-04";5
"66";"2020-04-04";2
"67";"2020-04-04";22
"68";"2020-04-04";21
"69";"2020-04-04";28
"70";"2020-04-04";2
"71";"2020-04-04";7
"72";"2020-04-04";6
"73";"2020-04-04";7
"74";"2020-04-04";11
"75";"2020-04-04";35
"76";"2020-04-04";11
"77";"2020-04-04";18
"78";"2020-04-04";23
"79";"2020-04-04";3
"80";"2020-04-04";14
"81";"2020-04-04";5
"82";"2020-04-04";3
"83";"2020-04-04";17
"84";"2020-04-04";9
"85";"2020-04-04";4
"86";"2020-04-04";2
"87";"2020-04-04";3
"88";"2020-04-04";7
"89";"2020-04-04";6
"90";"2020-04-04";1
"91";"2020-04-04";20
"92";"2020-04-04";41
"93";"2020-04-04";23
"94";"2020-04-04";23
"95";"2020-04-04";14
"971";"2020-04-04";3
"972";"2020-04-04";1
"973";"2020-04-04";2
"974";"2020-04-04";1
"976";"2020-04-04";1
"01";"2020-04-05";6
"02";"2020-04-05";10
"03";"2020-04-05";3
"04";"2020-04-05";3
"05";"2020-04-05";4
"06";"2020-04-05";18
"07";"2020-04-05";4
"08";"2020-04-05";2
"09";"2020-04-05";2
"10";"2020-04-05";6
"11";"2020-04-05";5
"12";"2020-04-05";3
"13";"2020-04-05";36
"14";"2020-04-05";8
"15";"2020-04-05";3
"16";"2020-04-05";2
"17";"2020-04-05";5
"18";"2020-04-05";3
"19";"2020-04-05";4
"21";"2020-04-05";7
"22";"2020-04-05";5
"23";"2020-04-05";1
"24";"2020-04-05";3
"25";"2020-04-05";3
"26";"2020-04-05";6
"27";"2020-04-05";6
"28";"2020-04-05";7
"29";"2020-04-05";6
"2A";"2020-04-05";1
"2B";"2020-04-05";1
"30";"2020-04-05";3
"31";"2020-04-05";14
"32";"2020-04-05";2
"33";"2020-04-05";15
"34";"2020-04-05";16
"35";"2020-04-05";10
"36";"2020-04-05";4
"37";"2020-04-05";7
"38";"2020-04-05";8
"39";"2020-04-05";3
"40";"2020-04-05";2
"41";"2020-04-05";3
"42";"2020-04-05";9
"43";"2020-04-05";2
"44";"2020-04-05";12
"45";"2020-04-05";5
"46";"2020-04-05";3
"47";"2020-04-05";3
"48";"2020-04-05";1
"49";"2020-04-05";5
"50";"2020-04-05";5
"51";"2020-04-05";8
"52";"2020-04-05";4
"53";"2020-04-05";4
"54";"2020-04-05";13
"55";"2020-04-05";3
"56";"2020-04-05";6
"57";"2020-04-05";15
"58";"2020-04-05";1
"59";"2020-04-05";36
"60";"2020-04-05";16
"61";"2020-04-05";7
"62";"2020-04-05";22
"63";"2020-04-05";3
"64";"2020-04-05";4
"65";"2020-04-05";5
"66";"2020-04-05";2
"67";"2020-04-05";22
"68";"2020-04-05";21
"69";"2020-04-05";28
"70";"2020-04-05";2
"71";"2020-04-05";7
"72";"2020-04-05";6
"73";"2020-04-05";7
"74";"2020-04-05";11
"75";"2020-04-05";35
"76";"2020-04-05";11
"77";"2020-04-05";19
"78";"2020-04-05";23
"79";"2020-04-05";3
"80";"2020-04-05";14
"81";"2020-04-05";5
"82";"2020-04-05";3
"83";"2020-04-05";17
"84";"2020-04-05";9
"85";"2020-04-05";4
"86";"2020-04-05";2
"87";"2020-04-05";3
"88";"2020-04-05";7
"89";"2020-04-05";6
"90";"2020-04-05";2
"91";"2020-04-05";20
"92";"2020-04-05";42
"93";"2020-04-05";23
"94";"2020-04-05";23
"95";"2020-04-05";14
"971";"2020-04-05";3
"972";"2020-04-05";1
"973";"2020-04-05";2
"974";"2020-04-05";1
"976";"2020-04-05";1
"01";"2020-04-06";6
"02";"2020-04-06";12
"03";"2020-04-06";3
"04";"2020-04-06";3
"05";"2020-04-06";4
"06";"2020-04-06";18
"07";"2020-04-06";4
"08";"2020-04-06";2
"09";"2020-04-06";2
"10";"2020-04-06";5
"11";"2020-04-06";5
"12";"2020-04-06";2
"13";"2020-04-06";37
"14";"2020-04-06";8
"15";"2020-04-06";3
"16";"2020-04-06";2
"17";"2020-04-06";5
"18";"2020-04-06";3
"19";"2020-04-06";4
"21";"2020-04-06";7
"22";"2020-04-06";5
"23";"2020-04-06";1
"24";"2020-04-06";3
"25";"2020-04-06";3
"26";"2020-04-06";6
"27";"2020-04-06";6
"28";"2020-04-06";7
"29";"2020-04-06";6
"2A";"2020-04-06";1
"2B";"2020-04-06";1
"30";"2020-04-06";3
"31";"2020-04-06";14
"32";"2020-04-06";2
"33";"2020-04-06";15
"34";"2020-04-06";16
"35";"2020-04-06";10
"36";"2020-04-06";5
"37";"2020-04-06";8
"38";"2020-04-06";8
"39";"2020-04-06";3
"40";"2020-04-06";2
"41";"2020-04-06";4
"42";"2020-04-06";10
"43";"2020-04-06";2
"44";"2020-04-06";12
"45";"2020-04-06";5
"46";"2020-04-06";3
"47";"2020-04-06";3
"48";"2020-04-06";1
"49";"2020-04-06";5
"50";"2020-04-06";5
"51";"2020-04-06";8
"52";"2020-04-06";4
"53";"2020-04-06";4
"54";"2020-04-06";13
"55";"2020-04-06";3
"56";"2020-04-06";6
"57";"2020-04-06";15
"58";"2020-04-06";2
"59";"2020-04-06";36
"60";"2020-04-06";16
"61";"2020-04-06";7
"62";"2020-04-06";22
"63";"2020-04-06";3
"64";"2020-04-06";5
"65";"2020-04-06";5
"66";"2020-04-06";2
"67";"2020-04-06";22
"68";"2020-04-06";21
"69";"2020-04-06";28
"70";"2020-04-06";2
"71";"2020-04-06";7
"72";"2020-04-06";6
"73";"2020-04-06";7
"74";"2020-04-06";11
"75";"2020-04-06";37
"76";"2020-04-06";11
"77";"2020-04-06";19
"78";"2020-04-06";24
"79";"2020-04-06";3
"80";"2020-04-06";14
"81";"2020-04-06";5
"82";"2020-04-06";3
"83";"2020-04-06";17
"84";"2020-04-06";9
"85";"2020-04-06";4
"86";"2020-04-06";2
"87";"2020-04-06";3
"88";"2020-04-06";7
"89";"2020-04-06";6
"90";"2020-04-06";2
"91";"2020-04-06";21
"92";"2020-04-06";42
"93";"2020-04-06";23
"94";"2020-04-06";25
"95";"2020-04-06";15
"971";"2020-04-06";3
"972";"2020-04-06";1
"973";"2020-04-06";2
"974";"2020-04-06";1
"976";"2020-04-06";1
"01";"2020-04-07";6
"02";"2020-04-07";12
"03";"2020-04-07";3
"04";"2020-04-07";4
"05";"2020-04-07";4
"06";"2020-04-07";20
"07";"2020-04-07";4
"08";"2020-04-07";3
"09";"2020-04-07";2
"10";"2020-04-07";5
"11";"2020-04-07";5
"12";"2020-04-07";2
"13";"2020-04-07";38
"14";"2020-04-07";8
"15";"2020-04-07";3
"16";"2020-04-07";2
"17";"2020-04-07";6
"18";"2020-04-07";3
"19";"2020-04-07";4
"21";"2020-04-07";7
"22";"2020-04-07";5
"23";"2020-04-07";2
"24";"2020-04-07";3
"25";"2020-04-07";3
"26";"2020-04-07";6
"27";"2020-04-07";6
"28";"2020-04-07";7
"29";"2020-04-07";7
"2A";"2020-04-07";2
"2B";"2020-04-07";1
"30";"2020-04-07";4
"31";"2020-04-07";14
"32";"2020-04-07";2
"33";"2020-04-07";16
"34";"2020-04-07";16
"35";"2020-04-07";11
"36";"2020-04-07";8
"37";"2020-04-07";7
"38";"2020-04-07";8
"39";"2020-04-07";3
"40";"2020-04-07";2
"41";"2020-04-07";5
"42";"2020-04-07";10
"43";"2020-04-07";2
"44";"2020-04-07";12
"45";"2020-04-07";6
"46";"2020-04-07";3
"47";"2020-04-07";3
"48";"2020-04-07";1
"49";"2020-04-07";5
"50";"2020-04-07";5
"51";"2020-04-07";8
"52";"2020-04-07";4
"53";"2020-04-07";4
"54";"2020-04-07";16
"55";"2020-04-07";3
"56";"2020-04-07";7
"57";"2020-04-07";15
"58";"2020-04-07";2
"59";"2020-04-07";37
"60";"2020-04-07";17
"61";"2020-04-07";7
"62";"2020-04-07";24
"63";"2020-04-07";3
"64";"2020-04-07";6
"65";"2020-04-07";5
"66";"2020-04-07";3
"67";"2020-04-07";22
"68";"2020-04-07";20
"69";"2020-04-07";28
"70";"2020-04-07";2
"71";"2020-04-07";7
"72";"2020-04-07";6
"73";"2020-04-07";7
"74";"2020-04-07";11
"75";"2020-04-07";40
"76";"2020-04-07";11
"77";"2020-04-07";20
"78";"2020-04-07";25
"79";"2020-04-07";3
"80";"2020-04-07";14
"81";"2020-04-07";5
"82";"2020-04-07";3
"83";"2020-04-07";17
"84";"2020-04-07";9
"85";"2020-04-07";4
"86";"2020-04-07";2
"87";"2020-04-07";3
"88";"2020-04-07";7
"89";"2020-04-07";6
"90";"2020-04-07";2
"91";"2020-04-07";21
"92";"2020-04-07";42
"93";"2020-04-07";26
"94";"2020-04-07";25
"95";"2020-04-07";17
"971";"2020-04-07";3
"972";"2020-04-07";1
"973";"2020-04-07";2
"974";"2020-04-07";1
"976";"2020-04-07";1
"01";"2020-04-08";7
"02";"2020-04-08";12
"03";"2020-04-08";3
"04";"2020-04-08";4
"05";"2020-04-08";5
"06";"2020-04-08";20
"07";"2020-04-08";4
"08";"2020-04-08";3
"09";"2020-04-08";2
"10";"2020-04-08";5
"11";"2020-04-08";5
"12";"2020-04-08";2
"13";"2020-04-08";40
"14";"2020-04-08";8
"15";"2020-04-08";3
"16";"2020-04-08";3
"17";"2020-04-08";5
"18";"2020-04-08";3
"19";"2020-04-08";4
"21";"2020-04-08";7
"22";"2020-04-08";5
"23";"2020-04-08";2
"24";"2020-04-08";3
"25";"2020-04-08";3
"26";"2020-04-08";7
"27";"2020-04-08";6
"28";"2020-04-08";8
"29";"2020-04-08";7
"2A";"2020-04-08";4
"2B";"2020-04-08";1
"30";"2020-04-08";4
"31";"2020-04-08";14
"32";"2020-04-08";2
"33";"2020-04-08";16
"34";"2020-04-08";16
"35";"2020-04-08";11
"36";"2020-04-08";8
"37";"2020-04-08";9
"38";"2020-04-08";8
"39";"2020-04-08";3
"40";"2020-04-08";2
"41";"2020-04-08";5
"42";"2020-04-08";11
"43";"2020-04-08";2
"44";"2020-04-08";13
"45";"2020-04-08";6
"46";"2020-04-08";3
"47";"2020-04-08";3
"48";"2020-04-08";1
"49";"2020-04-08";5
"50";"2020-04-08";5
"51";"2020-04-08";8
"52";"2020-04-08";5
"53";"2020-04-08";4
"54";"2020-04-08";17
"55";"2020-04-08";3
"56";"2020-04-08";8
"57";"2020-04-08";18
"58";"2020-04-08";2
"59";"2020-04-08";37
"60";"2020-04-08";19
"61";"2020-04-08";7
"62";"2020-04-08";24
"63";"2020-04-08";3
"64";"2020-04-08";7
"65";"2020-04-08";5
"66";"2020-04-08";3
"67";"2020-04-08";25
"68";"2020-04-08";22
"69";"2020-04-08";31
"70";"2020-04-08";2
"71";"2020-04-08";7
"72";"2020-04-08";6
"73";"2020-04-08";7
"74";"2020-04-08";14
"75";"2020-04-08";41
"76";"2020-04-08";11
"77";"2020-04-08";20
"78";"2020-04-08";27
"79";"2020-04-08";4
"80";"2020-04-08";14
"81";"2020-04-08";5
"82";"2020-04-08";3
"83";"2020-04-08";19
"84";"2020-04-08";10
"85";"2020-04-08";4
"86";"2020-04-08";2
"87";"2020-04-08";3
"88";"2020-04-08";8
"89";"2020-04-08";6
"90";"2020-04-08";2
"91";"2020-04-08";23
"92";"2020-04-08";42
"93";"2020-04-08";27
"94";"2020-04-08";27
"95";"2020-04-08";21
"971";"2020-04-08";3
"972";"2020-04-08";1
"973";"2020-04-08";2
"974";"2020-04-08";1
"976";"2020-04-08";1
"01";"2020-04-09";7
"02";"2020-04-09";12
"03";"2020-04-09";3
"04";"2020-04-09";5
"05";"2020-04-09";5
"06";"2020-04-09";21
"07";"2020-04-09";5
"08";"2020-04-09";3
"09";"2020-04-09";2
"10";"2020-04-09";5
"11";"2020-04-09";5
"12";"2020-04-09";2
"13";"2020-04-09";42
"14";"2020-04-09";9
"15";"2020-04-09";3
"16";"2020-04-09";2
"17";"2020-04-09";5
"18";"2020-04-09";4
"19";"2020-04-09";4
"21";"2020-04-09";7
"22";"2020-04-09";5
"23";"2020-04-09";2
"24";"2020-04-09";3
"25";"2020-04-09";4
"26";"2020-04-09";7
"27";"2020-04-09";7
"28";"2020-04-09";8
"29";"2020-04-09";8
"2A";"2020-04-09";5
"2B";"2020-04-09";1
"30";"2020-04-09";4
"31";"2020-04-09";14
"32";"2020-04-09";2
"33";"2020-04-09";17
"34";"2020-04-09";16
"35";"2020-04-09";11
"36";"2020-04-09";8
"37";"2020-04-09";9
"38";"2020-04-09";8
"39";"2020-04-09";3
"40";"2020-04-09";2
"41";"2020-04-09";7
"42";"2020-04-09";12
"43";"2020-04-09";2
"44";"2020-04-09";17
"45";"2020-04-09";7
"46";"2020-04-09";4
"47";"2020-04-09";4
"48";"2020-04-09";1
"49";"2020-04-09";8
"50";"2020-04-09";5
"51";"2020-04-09";8
"52";"2020-04-09";5
"53";"2020-04-09";6
"54";"2020-04-09";17
"55";"2020-04-09";3
"56";"2020-04-09";9
"57";"2020-04-09";21
"58";"2020-04-09";2
"59";"2020-04-09";37
"60";"2020-04-09";20
"61";"2020-04-09";7
"62";"2020-04-09";24
"63";"2020-04-09";3
"64";"2020-04-09";6
"65";"2020-04-09";5
"66";"2020-04-09";3
"67";"2020-04-09";27
"68";"2020-04-09";23
"69";"2020-04-09";32
"70";"2020-04-09";3
"71";"2020-04-09";8
"72";"2020-04-09";10
"73";"2020-04-09";9
"74";"2020-04-09";16
"75";"2020-04-09";41
"76";"2020-04-09";11
"77";"2020-04-09";22
"78";"2020-04-09";28
"79";"2020-04-09";4
"80";"2020-04-09";15
"81";"2020-04-09";5
"82";"2020-04-09";3
"83";"2020-04-09";20
"84";"2020-04-09";11
"85";"2020-04-09";5
"86";"2020-04-09";2
"87";"2020-04-09";3
"88";"2020-04-09";11
"89";"2020-04-09";6
"90";"2020-04-09";2
"91";"2020-04-09";24
"92";"2020-04-09";43
"93";"2020-04-09";28
"94";"2020-04-09";28
"95";"2020-04-09";24
"971";"2020-04-09";3
"972";"2020-04-09";1
"973";"2020-04-09";2
"974";"2020-04-09";1
"976";"2020-04-09";1
"01";"2020-04-10";7
"02";"2020-04-10";12
"03";"2020-04-10";3
"04";"2020-04-10";5
"05";"2020-04-10";5
"06";"2020-04-10";26
"07";"2020-04-10";5
"08";"2020-04-10";3
"09";"2020-04-10";2
"10";"2020-04-10";5
"11";"2020-04-10";5
"12";"2020-04-10";2
"13";"2020-04-10";43
"14";"2020-04-10";9
"15";"2020-04-10";3
"16";"2020-04-10";2
"17";"2020-04-10";5
"18";"2020-04-10";4
"19";"2020-04-10";4
"21";"2020-04-10";8
"22";"2020-04-10";6
"23";"2020-04-10";2
"24";"2020-04-10";3
"25";"2020-04-10";4
"26";"2020-04-10";7
"27";"2020-04-10";8
"28";"2020-04-10";9
"29";"2020-04-10";8
"2A";"2020-04-10";5
"2B";"2020-04-10";1
"30";"2020-04-10";4
"31";"2020-04-10";14
"32";"2020-04-10";2
"33";"2020-04-10";18
"34";"2020-04-10";16
"35";"2020-04-10";11
"36";"2020-04-10";8
"37";"2020-04-10";9
"38";"2020-04-10";9
"39";"2020-04-10";3
"40";"2020-04-10";2
"41";"2020-04-10";7
"42";"2020-04-10";12
"43";"2020-04-10";2
"44";"2020-04-10";18
"45";"2020-04-10";7
"46";"2020-04-10";4
"47";"2020-04-10";4
"48";"2020-04-10";1
"49";"2020-04-10";9
"50";"2020-04-10";5
"51";"2020-04-10";9
"52";"2020-04-10";5
"53";"2020-04-10";6
"54";"2020-04-10";18
"55";"2020-04-10";4
"56";"2020-04-10";9
"57";"2020-04-10";23
"58";"2020-04-10";2
"59";"2020-04-10";38
"60";"2020-04-10";20
"61";"2020-04-10";7
"62";"2020-04-10";24
"63";"2020-04-10";3
"64";"2020-04-10";6
"65";"2020-04-10";5
"66";"2020-04-10";3
"67";"2020-04-10";27
"68";"2020-04-10";23
"69";"2020-04-10";34
"70";"2020-04-10";3
"71";"2020-04-10";8
"72";"2020-04-10";9
"73";"2020-04-10";9
"74";"2020-04-10";16
"75";"2020-04-10";43
"76";"2020-04-10";13
"77";"2020-04-10";23
"78";"2020-04-10";30
"79";"2020-04-10";4
"80";"2020-04-10";14
"81";"2020-04-10";5
"82";"2020-04-10";3
"83";"2020-04-10";20
"84";"2020-04-10";11
"85";"2020-04-10";5
"86";"2020-04-10";2
"87";"2020-04-10";3
"88";"2020-04-10";12
"89";"2020-04-10";6
"90";"2020-04-10";2
"91";"2020-04-10";26
"92";"2020-04-10";43
"93";"2020-04-10";30
"94";"2020-04-10";29
"95";"2020-04-10";26
"971";"2020-04-10";3
"972";"2020-04-10";1
"973";"2020-04-10";2
"974";"2020-04-10";1
"976";"2020-04-10";1
"01";"2020-04-11";7
"02";"2020-04-11";12
"03";"2020-04-11";3
"04";"2020-04-11";5
"05";"2020-04-11";6
"06";"2020-04-11";25
"07";"2020-04-11";5
"08";"2020-04-11";3
"09";"2020-04-11";2
"10";"2020-04-11";5
"11";"2020-04-11";5
"12";"2020-04-11";2
"13";"2020-04-11";44
"14";"2020-04-11";9
"15";"2020-04-11";3
"16";"2020-04-11";2
"17";"2020-04-11";5
"18";"2020-04-11";4
"19";"2020-04-11";4
"21";"2020-04-11";8
"22";"2020-04-11";6
"23";"2020-04-11";2
"24";"2020-04-11";3
"25";"2020-04-11";5
"26";"2020-04-11";8
"27";"2020-04-11";8
"28";"2020-04-11";9
"29";"2020-04-11";9
"2A";"2020-04-11";5
"2B";"2020-04-11";1
"30";"2020-04-11";4
"31";"2020-04-11";14
"32";"2020-04-11";2
"33";"2020-04-11";19
"34";"2020-04-11";17
"35";"2020-04-11";11
"36";"2020-04-11";9
"37";"2020-04-11";9
"38";"2020-04-11";9
"39";"2020-04-11";3
"40";"2020-04-11";2
"41";"2020-04-11";7
"42";"2020-04-11";14
"43";"2020-04-11";2
"44";"2020-04-11";20
"45";"2020-04-11";7
"46";"2020-04-11";4
"47";"2020-04-11";4
"48";"2020-04-11";1
"49";"2020-04-11";10
"50";"2020-04-11";7
"51";"2020-04-11";9
"52";"2020-04-11";5
"53";"2020-04-11";6
"54";"2020-04-11";17
"55";"2020-04-11";4
"56";"2020-04-11";9
"57";"2020-04-11";24
"58";"2020-04-11";2
"59";"2020-04-11";40
"60";"2020-04-11";21
"61";"2020-04-11";7
"62";"2020-04-11";24
"63";"2020-04-11";3
"64";"2020-04-11";6
"65";"2020-04-11";5
"66";"2020-04-11";3
"67";"2020-04-11";27
"68";"2020-04-11";23
"69";"2020-04-11";35
"70";"2020-04-11";3
"71";"2020-04-11";8
"72";"2020-04-11";9
"73";"2020-04-11";9
"74";"2020-04-11";16
"75";"2020-04-11";47
"76";"2020-04-11";14
"77";"2020-04-11";23
"78";"2020-04-11";32
"79";"2020-04-11";4
"80";"2020-04-11";14
"81";"2020-04-11";5
"82";"2020-04-11";3
"83";"2020-04-11";21
"84";"2020-04-11";11
"85";"2020-04-11";5
"86";"2020-04-11";3
"87";"2020-04-11";3
"88";"2020-04-11";12
"89";"2020-04-11";7
"90";"2020-04-11";2
"91";"2020-04-11";26
"92";"2020-04-11";44
"93";"2020-04-11";30
"94";"2020-04-11";29
"95";"2020-04-11";26
"971";"2020-04-11";3
"972";"2020-04-11";1
"973";"2020-04-11";2
"974";"2020-04-11";1
"976";"2020-04-11";1
"01";"2020-04-12";7
"02";"2020-04-12";12
"03";"2020-04-12";3
"04";"2020-04-12";5
"05";"2020-04-12";6
"06";"2020-04-12";26
"07";"2020-04-12";5
"08";"2020-04-12";3
"09";"2020-04-12";2
"10";"2020-04-12";5
"11";"2020-04-12";5
"12";"2020-04-12";2
"13";"2020-04-12";44
"14";"2020-04-12";9
"15";"2020-04-12";3
"16";"2020-04-12";2
"17";"2020-04-12";5
"18";"2020-04-12";4
"19";"2020-04-12";4
"21";"2020-04-12";8
"22";"2020-04-12";6
"23";"2020-04-12";2
"24";"2020-04-12";3
"25";"2020-04-12";5
"26";"2020-04-12";9
"27";"2020-04-12";8
"28";"2020-04-12";9
"29";"2020-04-12";10
"2A";"2020-04-12";5
"2B";"2020-04-12";1
"30";"2020-04-12";4
"31";"2020-04-12";14
"32";"2020-04-12";2
"33";"2020-04-12";19
"34";"2020-04-12";17
"35";"2020-04-12";11
"36";"2020-04-12";9
"37";"2020-04-12";9
"38";"2020-04-12";9
"39";"2020-04-12";3
"40";"2020-04-12";2
"41";"2020-04-12";7
"42";"2020-04-12";14
"43";"2020-04-12";2
"44";"2020-04-12";20
"45";"2020-04-12";7
"46";"2020-04-12";4
"47";"2020-04-12";4
"48";"2020-04-12";1
"49";"2020-04-12";10
"50";"2020-04-12";7
"51";"2020-04-12";9
"52";"2020-04-12";5
"53";"2020-04-12";6
"54";"2020-04-12";17
"55";"2020-04-12";4
"56";"2020-04-12";9
"57";"2020-04-12";24
"58";"2020-04-12";2
"59";"2020-04-12";41
"60";"2020-04-12";21
"61";"2020-04-12";7
"62";"2020-04-12";24
"63";"2020-04-12";3
"64";"2020-04-12";6
"65";"2020-04-12";5
"66";"2020-04-12";3
"67";"2020-04-12";27
"68";"2020-04-12";23
"69";"2020-04-12";35
"70";"2020-04-12";3
"71";"2020-04-12";8
"72";"2020-04-12";9
"73";"2020-04-12";9
"74";"2020-04-12";16
"75";"2020-04-12";47
"76";"2020-04-12";14
"77";"2020-04-12";23
"78";"2020-04-12";32
"79";"2020-04-12";4
"80";"2020-04-12";14
"81";"2020-04-12";5
"82";"2020-04-12";3
"83";"2020-04-12";21
"84";"2020-04-12";11
"85";"2020-04-12";5
"86";"2020-04-12";3
"87";"2020-04-12";3
"88";"2020-04-12";12
"89";"2020-04-12";7
"90";"2020-04-12";2
"91";"2020-04-12";26
"92";"2020-04-12";44
"93";"2020-04-12";30
"94";"2020-04-12";29
"95";"2020-04-12";26
"971";"2020-04-12";3
"972";"2020-04-12";1
"973";"2020-04-12";2
"974";"2020-04-12";1
"976";"2020-04-12";1
"01";"2020-04-13";7
"02";"2020-04-13";12
"03";"2020-04-13";3
"04";"2020-04-13";5
"05";"2020-04-13";6
"06";"2020-04-13";26
"07";"2020-04-13";5
"08";"2020-04-13";3
"09";"2020-04-13";2
"10";"2020-04-13";5
"11";"2020-04-13";5
"12";"2020-04-13";2
"13";"2020-04-13";44
"14";"2020-04-13";8
"15";"2020-04-13";3
"16";"2020-04-13";2
"17";"2020-04-13";5
"18";"2020-04-13";4
"19";"2020-04-13";4
"21";"2020-04-13";8
"22";"2020-04-13";7
"23";"2020-04-13";2
"24";"2020-04-13";3
"25";"2020-04-13";5
"26";"2020-04-13";9
"27";"2020-04-13";8
"28";"2020-04-13";9
"29";"2020-04-13";10
"2A";"2020-04-13";5
"2B";"2020-04-13";1
"30";"2020-04-13";4
"31";"2020-04-13";14
"32";"2020-04-13";2
"33";"2020-04-13";19
"34";"2020-04-13";17
"35";"2020-04-13";11
"36";"2020-04-13";9
"37";"2020-04-13";9
"38";"2020-04-13";9
"39";"2020-04-13";3
"40";"2020-04-13";2
"41";"2020-04-13";7
"42";"2020-04-13";14
"43";"2020-04-13";2
"44";"2020-04-13";20
"45";"2020-04-13";7
"46";"2020-04-13";4
"47";"2020-04-13";4
"48";"2020-04-13";1
"49";"2020-04-13";10
"50";"2020-04-13";7
"51";"2020-04-13";9
"52";"2020-04-13";5
"53";"2020-04-13";6
"54";"2020-04-13";17
"55";"2020-04-13";4
"56";"2020-04-13";9
"57";"2020-04-13";24
"58";"2020-04-13";2
"59";"2020-04-13";42
"60";"2020-04-13";21
"61";"2020-04-13";7
"62";"2020-04-13";24
"63";"2020-04-13";3
"64";"2020-04-13";6
"65";"2020-04-13";5
"66";"2020-04-13";3
"67";"2020-04-13";27
"68";"2020-04-13";23
"69";"2020-04-13";35
"70";"2020-04-13";3
"71";"2020-04-13";8
"72";"2020-04-13";10
"73";"2020-04-13";9
"74";"2020-04-13";16
"75";"2020-04-13";47
"76";"2020-04-13";15
"77";"2020-04-13";23
"78";"2020-04-13";32
"79";"2020-04-13";4
"80";"2020-04-13";14
"81";"2020-04-13";5
"82";"2020-04-13";3
"83";"2020-04-13";21
"84";"2020-04-13";11
"85";"2020-04-13";5
"86";"2020-04-13";3
"87";"2020-04-13";3
"88";"2020-04-13";12
"89";"2020-04-13";7
"90";"2020-04-13";2
"91";"2020-04-13";26
"92";"2020-04-13";44
"93";"2020-04-13";30
"94";"2020-04-13";29
"95";"2020-04-13";26
"971";"2020-04-13";3
"972";"2020-04-13";1
"973";"2020-04-13";2
"974";"2020-04-13";1
"976";"2020-04-13";1
"01";"2020-04-14";8
"02";"2020-04-14";12
"03";"2020-04-14";3
"04";"2020-04-14";5
"05";"2020-04-14";6
"06";"2020-04-14";26
"07";"2020-04-14";5
"08";"2020-04-14";4
"09";"2020-04-14";2
"10";"2020-04-14";5
"11";"2020-04-14";5
"12";"2020-04-14";2
"13";"2020-04-14";44
"14";"2020-04-14";8
"15";"2020-04-14";3
"16";"2020-04-14";2
"17";"2020-04-14";5
"18";"2020-04-14";4
"19";"2020-04-14";4
"21";"2020-04-14";8
"22";"2020-04-14";7
"23";"2020-04-14";2
"24";"2020-04-14";3
"25";"2020-04-14";6
"26";"2020-04-14";9
"27";"2020-04-14";8
"28";"2020-04-14";9
"29";"2020-04-14";10
"2A";"2020-04-14";5
"2B";"2020-04-14";1
"30";"2020-04-14";4
"31";"2020-04-14";14
"32";"2020-04-14";2
"33";"2020-04-14";19
"34";"2020-04-14";17
"35";"2020-04-14";11
"36";"2020-04-14";9
"37";"2020-04-14";9
"38";"2020-04-14";10
"39";"2020-04-14";3
"40";"2020-04-14";2
"41";"2020-04-14";7
"42";"2020-04-14";14
"43";"2020-04-14";2
"44";"2020-04-14";20
"45";"2020-04-14";7
"46";"2020-04-14";4
"47";"2020-04-14";4
"48";"2020-04-14";1
"49";"2020-04-14";10
"50";"2020-04-14";8
"51";"2020-04-14";9
"52";"2020-04-14";5
"53";"2020-04-14";6
"54";"2020-04-14";17
"55";"2020-04-14";4
"56";"2020-04-14";10
"57";"2020-04-14";24
"58";"2020-04-14";2
"59";"2020-04-14";42
"60";"2020-04-14";21
"61";"2020-04-14";7
"62";"2020-04-14";24
"63";"2020-04-14";4
"64";"2020-04-14";6
"65";"2020-04-14";5
"66";"2020-04-14";3
"67";"2020-04-14";27
"68";"2020-04-14";23
"69";"2020-04-14";35
"70";"2020-04-14";3
"71";"2020-04-14";9
"72";"2020-04-14";10
"73";"2020-04-14";9
"74";"2020-04-14";16
"75";"2020-04-14";47
"76";"2020-04-14";16
"77";"2020-04-14";23
"78";"2020-04-14";32
"79";"2020-04-14";4
"80";"2020-04-14";14
"81";"2020-04-14";5
"82";"2020-04-14";3
"83";"2020-04-14";22
"84";"2020-04-14";11
"85";"2020-04-14";5
"86";"2020-04-14";3
"87";"2020-04-14";3
"88";"2020-04-14";12
"89";"2020-04-14";7
"90";"2020-04-14";2
"91";"2020-04-14";26
"92";"2020-04-14";46
"93";"2020-04-14";30
"94";"2020-04-14";29
"95";"2020-04-14";26
"971";"2020-04-14";3
"972";"2020-04-14";1
"973";"2020-04-14";2
"974";"2020-04-14";1
"976";"2020-04-14";1
"01";"2020-04-15";9
"02";"2020-04-15";12
"03";"2020-04-15";3
"04";"2020-04-15";5
"05";"2020-04-15";6
"06";"2020-04-15";26
"07";"2020-04-15";5
"08";"2020-04-15";4
"09";"2020-04-15";2
"10";"2020-04-15";5
"11";"2020-04-15";5
"12";"2020-04-15";2
"13";"2020-04-15";45
"14";"2020-04-15";10
"15";"2020-04-15";3
"16";"2020-04-15";2
"17";"2020-04-15";5
"18";"2020-04-15";5
"19";"2020-04-15";4
"21";"2020-04-15";8
"22";"2020-04-15";8
"23";"2020-04-15";2
"24";"2020-04-15";3
"25";"2020-04-15";6
"26";"2020-04-15";11
"27";"2020-04-15";9
"28";"2020-04-15";9
"29";"2020-04-15";10
"2A";"2020-04-15";5
"2B";"2020-04-15";1
"30";"2020-04-15";4
"31";"2020-04-15";14
"32";"2020-04-15";2
"33";"2020-04-15";19
"34";"2020-04-15";17
"35";"2020-04-15";12
"36";"2020-04-15";9
"37";"2020-04-15";9
"38";"2020-04-15";11
"39";"2020-04-15";3
"40";"2020-04-15";2
"41";"2020-04-15";7
"42";"2020-04-15";14
"43";"2020-04-15";2
"44";"2020-04-15";21
"45";"2020-04-15";7
"46";"2020-04-15";4
"47";"2020-04-15";4
"48";"2020-04-15";1
"49";"2020-04-15";11
"50";"2020-04-15";9
"51";"2020-04-15";9
"52";"2020-04-15";5
"53";"2020-04-15";7
"54";"2020-04-15";18
"55";"2020-04-15";4
"56";"2020-04-15";10
"57";"2020-04-15";24
"58";"2020-04-15";2
"59";"2020-04-15";44
"60";"2020-04-15";21
"61";"2020-04-15";7
"62";"2020-04-15";25
"63";"2020-04-15";5
"64";"2020-04-15";7
"65";"2020-04-15";5
"66";"2020-04-15";3
"67";"2020-04-15";27
"68";"2020-04-15";25
"69";"2020-04-15";37
"70";"2020-04-15";5
"71";"2020-04-15";10
"72";"2020-04-15";11
"73";"2020-04-15";9
"74";"2020-04-15";16
"75";"2020-04-15";48
"76";"2020-04-15";16
"77";"2020-04-15";23
"78";"2020-04-15";33
"79";"2020-04-15";4
"80";"2020-04-15";14
"81";"2020-04-15";5
"82";"2020-04-15";3
"83";"2020-04-15";22
"84";"2020-04-15";11
"85";"2020-04-15";5
"86";"2020-04-15";3
"87";"2020-04-15";3
"88";"2020-04-15";12
"89";"2020-04-15";7
"90";"2020-04-15";2
"91";"2020-04-15";26
"92";"2020-04-15";47
"93";"2020-04-15";31
"94";"2020-04-15";31
"95";"2020-04-15";26
"971";"2020-04-15";4
"972";"2020-04-15";1
"973";"2020-04-15";2
"974";"2020-04-15";1
"976";"2020-04-15";1
"01";"2020-04-16";9
"02";"2020-04-16";12
"03";"2020-04-16";3
"04";"2020-04-16";5
"05";"2020-04-16";6
"06";"2020-04-16";26
"07";"2020-04-16";5
"08";"2020-04-16";4
"09";"2020-04-16";2
"10";"2020-04-16";5
"11";"2020-04-16";5
"12";"2020-04-16";2
"13";"2020-04-16";45
"14";"2020-04-16";11
"15";"2020-04-16";3
"16";"2020-04-16";2
"17";"2020-04-16";5
"18";"2020-04-16";5
"19";"2020-04-16";4
"21";"2020-04-16";8
"22";"2020-04-16";8
"23";"2020-04-16";2
"24";"2020-04-16";3
"25";"2020-04-16";6
"26";"2020-04-16";11
"27";"2020-04-16";9
"28";"2020-04-16";9
"29";"2020-04-16";10
"2A";"2020-04-16";5
"2B";"2020-04-16";1
"30";"2020-04-16";4
"31";"2020-04-16";14
"32";"2020-04-16";2
"33";"2020-04-16";19
"34";"2020-04-16";17
"35";"2020-04-16";13
"36";"2020-04-16";9
"37";"2020-04-16";9
"38";"2020-04-16";11
"39";"2020-04-16";4
"40";"2020-04-16";2
"41";"2020-04-16";7
"42";"2020-04-16";14
"43";"2020-04-16";2
"44";"2020-04-16";22
"45";"2020-04-16";7
"46";"2020-04-16";4
"47";"2020-04-16";4
"48";"2020-04-16";1
"49";"2020-04-16";11
"50";"2020-04-16";9
"51";"2020-04-16";9
"52";"2020-04-16";5
"53";"2020-04-16";8
"54";"2020-04-16";18
"55";"2020-04-16";4
"56";"2020-04-16";10
"57";"2020-04-16";24
"58";"2020-04-16";3
"59";"2020-04-16";45
"60";"2020-04-16";21
"61";"2020-04-16";7
"62";"2020-04-16";26
"63";"2020-04-16";6
"64";"2020-04-16";7
"65";"2020-04-16";5
"66";"2020-04-16";3
"67";"2020-04-16";27
"68";"2020-04-16";25
"69";"2020-04-16";37
"70";"2020-04-16";5
"71";"2020-04-16";10
"72";"2020-04-16";13
"73";"2020-04-16";9
"74";"2020-04-16";18
"75";"2020-04-16";48
"76";"2020-04-16";17
"77";"2020-04-16";23
"78";"2020-04-16";33
"79";"2020-04-16";4
"80";"2020-04-16";14
"81";"2020-04-16";5
"82";"2020-04-16";3
"83";"2020-04-16";22
"84";"2020-04-16";11
"85";"2020-04-16";6
"86";"2020-04-16";3
"87";"2020-04-16";3
"88";"2020-04-16";12
"89";"2020-04-16";8
"90";"2020-04-16";2
"91";"2020-04-16";28
"92";"2020-04-16";49
"93";"2020-04-16";34
"94";"2020-04-16";32
"95";"2020-04-16";26
"971";"2020-04-16";5
"972";"2020-04-16";1
"973";"2020-04-16";2
"974";"2020-04-16";1
"976";"2020-04-16";1
"01";"2020-04-17";9
"02";"2020-04-17";12
"03";"2020-04-17";3
"04";"2020-04-17";5
"05";"2020-04-17";6
"06";"2020-04-17";27
"07";"2020-04-17";5
"08";"2020-04-17";4
"09";"2020-04-17";2
"10";"2020-04-17";5
"11";"2020-04-17";5
"12";"2020-04-17";2
"13";"2020-04-17";48
"14";"2020-04-17";12
"15";"2020-04-17";3
"16";"2020-04-17";2
"17";"2020-04-17";5
"18";"2020-04-17";5
"19";"2020-04-17";4
"21";"2020-04-17";8
"22";"2020-04-17";8
"23";"2020-04-17";2
"24";"2020-04-17";3
"25";"2020-04-17";7
"26";"2020-04-17";11
"27";"2020-04-17";8
"28";"2020-04-17";9
"29";"2020-04-17";10
"2A";"2020-04-17";5
"2B";"2020-04-17";1
"30";"2020-04-17";4
"31";"2020-04-17";14
"32";"2020-04-17";2
"33";"2020-04-17";20
"34";"2020-04-17";17
"35";"2020-04-17";13
"36";"2020-04-17";9
"37";"2020-04-17";11
"38";"2020-04-17";11
"39";"2020-04-17";6
"40";"2020-04-17";2
"41";"2020-04-17";7
"42";"2020-04-17";14
"43";"2020-04-17";2
"44";"2020-04-17";21
"45";"2020-04-17";9
"46";"2020-04-17";4
"47";"2020-04-17";4
"48";"2020-04-17";1
"49";"2020-04-17";12
"50";"2020-04-17";10
"51";"2020-04-17";10
"52";"2020-04-17";5
"53";"2020-04-17";8
"54";"2020-04-17";18
"55";"2020-04-17";4
"56";"2020-04-17";10
"57";"2020-04-17";24
"58";"2020-04-17";3
"59";"2020-04-17";46
"60";"2020-04-17";21
"61";"2020-04-17";7
"62";"2020-04-17";26
"63";"2020-04-17";8
"64";"2020-04-17";7
"65";"2020-04-17";5
"66";"2020-04-17";3
"67";"2020-04-17";27
"68";"2020-04-17";27
"69";"2020-04-17";37
"70";"2020-04-17";5
"71";"2020-04-17";10
"72";"2020-04-17";13
"73";"2020-04-17";9
"74";"2020-04-17";18
"75";"2020-04-17";48
"76";"2020-04-17";18
"77";"2020-04-17";26
"78";"2020-04-17";35
"79";"2020-04-17";4
"80";"2020-04-17";14
"81";"2020-04-17";5
"82";"2020-04-17";3
"83";"2020-04-17";23
"84";"2020-04-17";11
"85";"2020-04-17";6
"86";"2020-04-17";3
"87";"2020-04-17";3
"88";"2020-04-17";12
"89";"2020-04-17";8
"90";"2020-04-17";2
"91";"2020-04-17";28
"92";"2020-04-17";49
"93";"2020-04-17";33
"94";"2020-04-17";32
"95";"2020-04-17";26
"971";"2020-04-17";5
"972";"2020-04-17";1
"973";"2020-04-17";2
"974";"2020-04-17";1
"976";"2020-04-17";1
"01";"2020-04-18";10
"02";"2020-04-18";12
"03";"2020-04-18";3
"04";"2020-04-18";5
"05";"2020-04-18";5
"06";"2020-04-18";27
"07";"2020-04-18";5
"08";"2020-04-18";4
"09";"2020-04-18";2
"10";"2020-04-18";5
"11";"2020-04-18";5
"12";"2020-04-18";2
"13";"2020-04-18";49
"14";"2020-04-18";12
"15";"2020-04-18";3
"16";"2020-04-18";2
"17";"2020-04-18";5
"18";"2020-04-18";5
"19";"2020-04-18";4
"21";"2020-04-18";8
"22";"2020-04-18";8
"23";"2020-04-18";2
"24";"2020-04-18";3
"25";"2020-04-18";8
"26";"2020-04-18";11
"27";"2020-04-18";8
"28";"2020-04-18";10
"29";"2020-04-18";10
"2A";"2020-04-18";5
"2B";"2020-04-18";1
"30";"2020-04-18";4
"31";"2020-04-18";14
"32";"2020-04-18";2
"33";"2020-04-18";20
"34";"2020-04-18";17
"35";"2020-04-18";13
"36";"2020-04-18";9
"37";"2020-04-18";11
"38";"2020-04-18";11
"39";"2020-04-18";6
"40";"2020-04-18";2
"41";"2020-04-18";7
"42";"2020-04-18";14
"43";"2020-04-18";2
"44";"2020-04-18";21
"45";"2020-04-18";9
"46";"2020-04-18";4
"47";"2020-04-18";4
"48";"2020-04-18";1
"49";"2020-04-18";14
"50";"2020-04-18";10
"51";"2020-04-18";10
"52";"2020-04-18";5
"53";"2020-04-18";8
"54";"2020-04-18";18
"55";"2020-04-18";4
"56";"2020-04-18";10
"57";"2020-04-18";25
"58";"2020-04-18";3
"59";"2020-04-18";46
"60";"2020-04-18";21
"61";"2020-04-18";7
"62";"2020-04-18";27
"63";"2020-04-18";8
"64";"2020-04-18";7
"65";"2020-04-18";5
"66";"2020-04-18";3
"67";"2020-04-18";27
"68";"2020-04-18";27
"69";"2020-04-18";37
"70";"2020-04-18";5
"71";"2020-04-18";10
"72";"2020-04-18";13
"73";"2020-04-18";9
"74";"2020-04-18";18
"75";"2020-04-18";48
"76";"2020-04-18";18
"77";"2020-04-18";26
"78";"2020-04-18";34
"79";"2020-04-18";4
"80";"2020-04-18";14
"81";"2020-04-18";5
"82";"2020-04-18";3
"83";"2020-04-18";23
"84";"2020-04-18";11
"85";"2020-04-18";6
"86";"2020-04-18";3
"87";"2020-04-18";3
"88";"2020-04-18";12
"89";"2020-04-18";8
"90";"2020-04-18";2
"91";"2020-04-18";29
"92";"2020-04-18";49
"93";"2020-04-18";33
"94";"2020-04-18";32
"95";"2020-04-18";26
"971";"2020-04-18";5
"972";"2020-04-18";1
"973";"2020-04-18";2
"974";"2020-04-18";1
"976";"2020-04-18";1
"01";"2020-04-19";10
"02";"2020-04-19";12
"03";"2020-04-19";3
"04";"2020-04-19";5
"05";"2020-04-19";5
"06";"2020-04-19";27
"07";"2020-04-19";5
"08";"2020-04-19";4
"09";"2020-04-19";2
"10";"2020-04-19";5
"11";"2020-04-19";5
"12";"2020-04-19";2
"13";"2020-04-19";49
"14";"2020-04-19";12
"15";"2020-04-19";3
"16";"2020-04-19";2
"17";"2020-04-19";5
"18";"2020-04-19";5
"19";"2020-04-19";4
"21";"2020-04-19";8
"22";"2020-04-19";8
"23";"2020-04-19";2
"24";"2020-04-19";3
"25";"2020-04-19";8
"26";"2020-04-19";11
"27";"2020-04-19";8
"28";"2020-04-19";10
"29";"2020-04-19";10
"2A";"2020-04-19";5
"2B";"2020-04-19";1
"30";"2020-04-19";4
"31";"2020-04-19";14
"32";"2020-04-19";2
"33";"2020-04-19";20
"34";"2020-04-19";17
"35";"2020-04-19";13
"36";"2020-04-19";9
"37";"2020-04-19";11
"38";"2020-04-19";11
"39";"2020-04-19";6
"40";"2020-04-19";2
"41";"2020-04-19";7
"42";"2020-04-19";14
"43";"2020-04-19";2
"44";"2020-04-19";21
"45";"2020-04-19";9
"46";"2020-04-19";4
"47";"2020-04-19";4
"48";"2020-04-19";1
"49";"2020-04-19";14
"50";"2020-04-19";10
"51";"2020-04-19";10
"52";"2020-04-19";5
"53";"2020-04-19";8
"54";"2020-04-19";18
"55";"2020-04-19";4
"56";"2020-04-19";10
"57";"2020-04-19";25
"58";"2020-04-19";3
"59";"2020-04-19";46
"60";"2020-04-19";21
"61";"2020-04-19";7
"62";"2020-04-19";27
"63";"2020-04-19";8
"64";"2020-04-19";7
"65";"2020-04-19";5
"66";"2020-04-19";3
"67";"2020-04-19";27
"68";"2020-04-19";27
"69";"2020-04-19";37
"70";"2020-04-19";5
"71";"2020-04-19";10
"72";"2020-04-19";13
"73";"2020-04-19";9
"74";"2020-04-19";18
"75";"2020-04-19";49
"76";"2020-04-19";18
"77";"2020-04-19";26
"78";"2020-04-19";34
"79";"2020-04-19";4
"80";"2020-04-19";14
"81";"2020-04-19";5
"82";"2020-04-19";3
"83";"2020-04-19";23
"84";"2020-04-19";11
"85";"2020-04-19";6
"86";"2020-04-19";3
"87";"2020-04-19";3
"88";"2020-04-19";12
"89";"2020-04-19";8
"90";"2020-04-19";2
"91";"2020-04-19";29
"92";"2020-04-19";49
"93";"2020-04-19";33
"94";"2020-04-19";32
"95";"2020-04-19";26
"971";"2020-04-19";5
"972";"2020-04-19";1
"973";"2020-04-19";2
"974";"2020-04-19";1
"976";"2020-04-19";1
"01";"2020-04-20";10
"02";"2020-04-20";12
"03";"2020-04-20";3
"04";"2020-04-20";5
"05";"2020-04-20";5
"06";"2020-04-20";27
"07";"2020-04-20";5
"08";"2020-04-20";4
"09";"2020-04-20";2
"10";"2020-04-20";5
"11";"2020-04-20";5
"12";"2020-04-20";3
"13";"2020-04-20";49
"14";"2020-04-20";12
"15";"2020-04-20";3
"16";"2020-04-20";2
"17";"2020-04-20";5
"18";"2020-04-20";5
"19";"2020-04-20";4
"21";"2020-04-20";8
"22";"2020-04-20";8
"23";"2020-04-20";2
"24";"2020-04-20";3
"25";"2020-04-20";8
"26";"2020-04-20";11
"27";"2020-04-20";8
"28";"2020-04-20";10
"29";"2020-04-20";10
"2A";"2020-04-20";5
"2B";"2020-04-20";1
"30";"2020-04-20";4
"31";"2020-04-20";14
"32";"2020-04-20";2
"33";"2020-04-20";20
"34";"2020-04-20";17
"35";"2020-04-20";13
"36";"2020-04-20";9
"37";"2020-04-20";11
"38";"2020-04-20";11
"39";"2020-04-20";6
"40";"2020-04-20";2
"41";"2020-04-20";7
"42";"2020-04-20";14
"43";"2020-04-20";2
"44";"2020-04-20";21
"45";"2020-04-20";9
"46";"2020-04-20";4
"47";"2020-04-20";4
"48";"2020-04-20";1
"49";"2020-04-20";14
"50";"2020-04-20";10
"51";"2020-04-20";10
"52";"2020-04-20";5
"53";"2020-04-20";8
"54";"2020-04-20";18
"55";"2020-04-20";4
"56";"2020-04-20";10
"57";"2020-04-20";25
"58";"2020-04-20";3
"59";"2020-04-20";46
"60";"2020-04-20";21
"61";"2020-04-20";7
"62";"2020-04-20";27
"63";"2020-04-20";8
"64";"2020-04-20";7
"65";"2020-04-20";5
"66";"2020-04-20";3
"67";"2020-04-20";27
"68";"2020-04-20";27
"69";"2020-04-20";37
"70";"2020-04-20";5
"71";"2020-04-20";10
"72";"2020-04-20";13
"73";"2020-04-20";9
"74";"2020-04-20";18
"75";"2020-04-20";49
"76";"2020-04-20";18
"77";"2020-04-20";28
"78";"2020-04-20";36
"79";"2020-04-20";4
"80";"2020-04-20";14
"81";"2020-04-20";5
"82";"2020-04-20";3
"83";"2020-04-20";24
"84";"2020-04-20";11
"85";"2020-04-20";6
"86";"2020-04-20";3
"87";"2020-04-20";3
"88";"2020-04-20";12
"89";"2020-04-20";8
"90";"2020-04-20";2
"91";"2020-04-20";29
"92";"2020-04-20";49
"93";"2020-04-20";35
"94";"2020-04-20";32
"95";"2020-04-20";27
"971";"2020-04-20";5
"972";"2020-04-20";1
"973";"2020-04-20";2
"974";"2020-04-20";1
"976";"2020-04-20";1
"01";"2020-04-21";10
"02";"2020-04-21";12
"03";"2020-04-21";3
"04";"2020-04-21";5
"05";"2020-04-21";5
"06";"2020-04-21";27
"07";"2020-04-21";5
"08";"2020-04-21";4
"09";"2020-04-21";2
"10";"2020-04-21";5
"11";"2020-04-21";5
"12";"2020-04-21";2
"13";"2020-04-21";49
"14";"2020-04-21";13
"15";"2020-04-21";3
"16";"2020-04-21";2
"17";"2020-04-21";5
"18";"2020-04-21";5
"19";"2020-04-21";4
"21";"2020-04-21";8
"22";"2020-04-21";8
"23";"2020-04-21";2
"24";"2020-04-21";3
"25";"2020-04-21";8
"26";"2020-04-21";12
"27";"2020-04-21";8
"28";"2020-04-21";10
"29";"2020-04-21";10
"2A";"2020-04-21";5
"2B";"2020-04-21";1
"30";"2020-04-21";4
"31";"2020-04-21";14
"32";"2020-04-21";2
"33";"2020-04-21";20
"34";"2020-04-21";17
"35";"2020-04-21";13
"36";"2020-04-21";9
"37";"2020-04-21";11
"38";"2020-04-21";11
"39";"2020-04-21";6
"40";"2020-04-21";2
"41";"2020-04-21";7
"42";"2020-04-21";14
"43";"2020-04-21";2
"44";"2020-04-21";21
"45";"2020-04-21";10
"46";"2020-04-21";4
"47";"2020-04-21";4
"48";"2020-04-21";1
"49";"2020-04-21";15
"50";"2020-04-21";10
"51";"2020-04-21";10
"52";"2020-04-21";5
"53";"2020-04-21";8
"54";"2020-04-21";19
"55";"2020-04-21";4
"56";"2020-04-21";10
"57";"2020-04-21";25
"58";"2020-04-21";3
"59";"2020-04-21";46
"60";"2020-04-21";22
"61";"2020-04-21";7
"62";"2020-04-21";27
"63";"2020-04-21";8
"64";"2020-04-21";7
"65";"2020-04-21";5
"66";"2020-04-21";3
"67";"2020-04-21";27
"68";"2020-04-21";27
"69";"2020-04-21";37
"70";"2020-04-21";5
"71";"2020-04-21";11
"72";"2020-04-21";13
"73";"2020-04-21";9
"74";"2020-04-21";18
"75";"2020-04-21";50
"76";"2020-04-21";20
"77";"2020-04-21";28
"78";"2020-04-21";36
"79";"2020-04-21";4
"80";"2020-04-21";14
"81";"2020-04-21";5
"82";"2020-04-21";3
"83";"2020-04-21";24
"84";"2020-04-21";11
"85";"2020-04-21";6
"86";"2020-04-21";3
"87";"2020-04-21";3
"88";"2020-04-21";12
"89";"2020-04-21";8
"90";"2020-04-21";2
"91";"2020-04-21";29
"92";"2020-04-21";49
"93";"2020-04-21";35
"94";"2020-04-21";32
"95";"2020-04-21";28
"971";"2020-04-21";5
"972";"2020-04-21";1
"973";"2020-04-21";2
"974";"2020-04-21";1
"976";"2020-04-21";1
"01";"2020-04-22";10
"02";"2020-04-22";12
"03";"2020-04-22";3
"04";"2020-04-22";5
"05";"2020-04-22";6
"06";"2020-04-22";27
"07";"2020-04-22";5
"08";"2020-04-22";4
"09";"2020-04-22";2
"10";"2020-04-22";5
"11";"2020-04-22";5
"12";"2020-04-22";2
"13";"2020-04-22";50
"14";"2020-04-22";13
"15";"2020-04-22";3
"16";"2020-04-22";2
"17";"2020-04-22";6
"18";"2020-04-22";5
"19";"2020-04-22";4
"21";"2020-04-22";8
"22";"2020-04-22";9
"23";"2020-04-22";2
"24";"2020-04-22";3
"25";"2020-04-22";8
"26";"2020-04-22";12
"27";"2020-04-22";8
"28";"2020-04-22";10
"29";"2020-04-22";10
"2A";"2020-04-22";5
"2B";"2020-04-22";1
"30";"2020-04-22";4
"31";"2020-04-22";14
"32";"2020-04-22";2
"33";"2020-04-22";20
"34";"2020-04-22";17
"35";"2020-04-22";14
"36";"2020-04-22";9
"37";"2020-04-22";11
"38";"2020-04-22";11
"39";"2020-04-22";6
"40";"2020-04-22";2
"41";"2020-04-22";7
"42";"2020-04-22";14
"43";"2020-04-22";2
"44";"2020-04-22";21
"45";"2020-04-22";10
"46";"2020-04-22";4
"47";"2020-04-22";4
"48";"2020-04-22";1
"49";"2020-04-22";15
"50";"2020-04-22";10
"51";"2020-04-22";10
"52";"2020-04-22";5
"53";"2020-04-22";8
"54";"2020-04-22";19
"55";"2020-04-22";4
"56";"2020-04-22";11
"57";"2020-04-22";25
"58";"2020-04-22";3
"59";"2020-04-22";46
"60";"2020-04-22";22
"61";"2020-04-22";7
"62";"2020-04-22";27
"63";"2020-04-22";8
"64";"2020-04-22";7
"65";"2020-04-22";5
"66";"2020-04-22";3
"67";"2020-04-22";27
"68";"2020-04-22";27
"69";"2020-04-22";37
"70";"2020-04-22";5
"71";"2020-04-22";12
"72";"2020-04-22";13
"73";"2020-04-22";9
"74";"2020-04-22";18
"75";"2020-04-22";50
"76";"2020-04-22";20
"77";"2020-04-22";28
"78";"2020-04-22";37
"79";"2020-04-22";4
"80";"2020-04-22";15
"81";"2020-04-22";5
"82";"2020-04-22";3
"83";"2020-04-22";24
"84";"2020-04-22";10
"85";"2020-04-22";6
"86";"2020-04-22";3
"87";"2020-04-22";3
"88";"2020-04-22";12
"89";"2020-04-22";9
"90";"2020-04-22";2
"91";"2020-04-22";30
"92";"2020-04-22";50
"93";"2020-04-22";35
"94";"2020-04-22";32
"95";"2020-04-22";29
"971";"2020-04-22";5
"972";"2020-04-22";1
"973";"2020-04-22";2
"974";"2020-04-22";1
"976";"2020-04-22";1
"01";"2020-04-23";10
"02";"2020-04-23";12
"03";"2020-04-23";3
"04";"2020-04-23";5
"05";"2020-04-23";5
"06";"2020-04-23";27
"07";"2020-04-23";5
"08";"2020-04-23";4
"09";"2020-04-23";2
"10";"2020-04-23";5
"11";"2020-04-23";5
"12";"2020-04-23";2
"13";"2020-04-23";51
"14";"2020-04-23";13
"15";"2020-04-23";3
"16";"2020-04-23";2
"17";"2020-04-23";6
"18";"2020-04-23";5
"19";"2020-04-23";4
"21";"2020-04-23";8
"22";"2020-04-23";9
"23";"2020-04-23";2
"24";"2020-04-23";3
"25";"2020-04-23";8
"26";"2020-04-23";12
"27";"2020-04-23";8
"28";"2020-04-23";10
"29";"2020-04-23";11
"2A";"2020-04-23";5
"2B";"2020-04-23";1
"30";"2020-04-23";4
"31";"2020-04-23";14
"32";"2020-04-23";2
"33";"2020-04-23";20
"34";"2020-04-23";17
"35";"2020-04-23";15
"36";"2020-04-23";9
"37";"2020-04-23";12
"38";"2020-04-23";11
"39";"2020-04-23";6
"40";"2020-04-23";2
"41";"2020-04-23";7
"42";"2020-04-23";14
"43";"2020-04-23";2
"44";"2020-04-23";21
"45";"2020-04-23";12
"46";"2020-04-23";4
"47";"2020-04-23";4
"48";"2020-04-23";1
"49";"2020-04-23";17
"50";"2020-04-23";10
"51";"2020-04-23";10
"52";"2020-04-23";5
"53";"2020-04-23";8
"54";"2020-04-23";19
"55";"2020-04-23";4
"56";"2020-04-23";11
"57";"2020-04-23";25
"58";"2020-04-23";3
"59";"2020-04-23";47
"60";"2020-04-23";22
"61";"2020-04-23";7
"62";"2020-04-23";27
"63";"2020-04-23";7
"64";"2020-04-23";7
"65";"2020-04-23";5
"66";"2020-04-23";3
"67";"2020-04-23";27
"68";"2020-04-23";28
"69";"2020-04-23";37
"70";"2020-04-23";6
"71";"2020-04-23";13
"72";"2020-04-23";13
"73";"2020-04-23";9
"74";"2020-04-23";18
"75";"2020-04-23";50
"76";"2020-04-23";20
"77";"2020-04-23";28
"78";"2020-04-23";37
"79";"2020-04-23";4
"80";"2020-04-23";15
"81";"2020-04-23";5
"82";"2020-04-23";3
"83";"2020-04-23";25
"84";"2020-04-23";10
"85";"2020-04-23";6
"86";"2020-04-23";3
"87";"2020-04-23";3
"88";"2020-04-23";12
"89";"2020-04-23";8
"90";"2020-04-23";2
"91";"2020-04-23";30
"92";"2020-04-23";50
"93";"2020-04-23";36
"94";"2020-04-23";33
"95";"2020-04-23";29
"971";"2020-04-23";5
"972";"2020-04-23";1
"973";"2020-04-23";2
"974";"2020-04-23";1
"976";"2020-04-23";1
